,SRCID,OBSID,SRC_NUM,EP_ONTIME,INST,PN_RATE,CONF_DT50,CONF_DT250,CONF_DT1000
0,200813408010091,0803910401,82,85115.38,PNX,0.010054772,0.9681082,1.0,1.0
1,208039104010096,0803910401,96,85089.38,PNS,0.010779678,0.95300126,0.9999969,0.9999995
2,202102702010009,0821800201,25,113501.9,PNX,0.010736715,0.9043973,1.0,1.0
3,205560301010021,0651610101,34,84332.83,PNS,0.014563374,0.9106328,1.0,1.0
4,201042601010142,0824450501,136,77993.75,PNS,0.01568474,0.9077587,0.99963903,1.0
5,201042601010139,0824450501,106,77993.75,PNS,0.013633773,0.95065403,1.0,1.0
6,207843302010074,0784330201,74,82908.01,PNS,0.010134054,0.9197053,1.0,0.9998765
7,207611001010107,0790380501,96,77809.05,PNX,0.016267372,0.9326922,0.99999976,0.9950405
8,207623601010015,0762360101,15,63821.2,PNS,0.015650265,0.9750192,1.0,1.0
9,207640101010106,0764010101,120,61284.71,PNS,0.014003937,0.90433013,0.96525407,0.98331773
10,203004803010062,0761500201,49,56048.02,PNX,0.011971195,0.9320756,1.0,0.9992409
11,201080604010036,0555780401,30,86434.4,PNS,0.011427664,0.92044055,1.0,1.0
12,201092707010049,0763120201,56,68949.05,PNX,0.014084707,0.9518999,1.0,1.0
13,201080604010081,0604960301,52,99400.6,PNX,0.01021364,0.9713733,1.0,1.0
14,205032301010068,0761620201,61,54129.4,PNX,0.016787529,0.93452096,0.9999999,0.97288203
15,201129706010013,0202670501,35,73494.28,PNX,0.018921185,0.9440693,1.0,1.0
16,201010401010126,0741280201,32,82772.2,PNX,0.012942201,0.9093723,1.0,1.0
17,207823301010070,0782330101,60,52087.16,PNX,0.014733874,0.9724363,1.0,0.99767464
18,206734901010032,0673490101,32,54237.72,PNX,0.014731429,0.97625107,1.0,1.0
19,207413002010019,0741300201,19,103461.8,PNX,0.010698848,0.9381591,1.0,1.0
20,206049603010063,0604960301,63,99392.78,PNS,0.013353032,0.982071,1.0,1.0
21,207816902010007,0781690201,7,57190.76,PNX,0.014765574,0.91541815,1.0,0.9994411
22,208220501010005,0822050101,5,51240.79,PNS,0.019317804,0.9757479,1.0,0.97146463
23,202038101010034,0300270201,63,75683.38,PNS,0.014443565,0.9010386,1.0,1.0
24,208039104010022,0803910401,22,85094.58,PNS,0.010772399,0.9336076,0.99966586,1.0
25,201109504010033,0841481401,17,83118.15,PNU,0.012089085,0.9254368,1.0,1.0
26,201111202010042,0305540701,46,58783.4,PNX,0.010044525,0.95923775,1.0,1.0
27,201489601010024,0148960101,25,55746.7,PNS,0.014952536,0.9592243,1.0,0.9999682
28,202038101010055,0300270201,51,76070.77,PNS,0.015203348,0.9189361,0.9953993,0.98860127
29,201125506010030,0761630201,11,94852.3,PNS,0.028431345,0.92115617,0.99998116,1.0
30,201489601010046,0148960101,47,55770.04,PNS,0.011083727,0.97395635,1.0,1.0
31,207216201010128,0761920901,34,51568.38,PNX,0.011769051,0.97730756,0.99900776,1.0
32,201129705010102,0202670601,75,74100.0,PNS,0.014468525,0.9259052,1.0,0.9999485
33,201080604010036,0604960301,42,99410.99,PNS,0.018298127,0.9783804,1.0,1.0
34,201481701010028,0148170101,28,67711.02,PNS,0.013598206,0.96668875,1.0,1.0
35,200823401010017,0203560201,14,69324.66,PNX,0.011744609,0.951413,1.0,1.0
36,207446001010063,0744600101,57,88632.0,PNX,0.011013236,0.9517793,1.0,0.9948329
37,201080605010097,0604960301,86,99392.78,PNS,0.012736323,0.9692637,1.0,1.0
38,201129721010058,0202670501,69,73694.48,PNU,0.01641818,0.93311554,1.0,1.0
39,201485605010030,0148560501,28,63349.92,PNX,0.0103951655,0.9342168,0.998904,0.9025571
40,207444002010019,0744400201,17,58882.17,PNS,0.011658092,0.9389673,0.99999964,0.9999324
41,204025610010053,0763120201,53,68933.41,PNS,0.013117461,0.9384093,0.999741,0.99519795
42,201128002010075,0791010301,22,63973.0,PNS,0.011801815,0.9660899,1.0,0.99312466
43,208418002010005,0841800201,5,113679.8,PNX,0.026751129,0.94678766,1.0,1.0
44,208414819010012,0841481901,12,85233.2,PNX,0.010843434,0.9092043,1.0,1.0
45,206709501015100,0780760501,17,60689.2,PNX,0.020639865,0.9057417,1.0,0.996436
46,200147406010007,0401090101,6,61208.82,PNX,0.01842137,0.93613714,1.0,1.0
47,208042402010005,0804240201,5,53235.0,PNS,0.010239023,0.93660027,1.0,1.0
48,207611001010112,0790380501,142,109909.5,PNX,0.013660331,0.92144233,1.0,0.9999999
49,201084602010018,0723801601,34,79643.17,PNS,0.011948313,0.9308435,0.99945444,0.99999976
50,202055903010099,0505140501,67,67678.0,PNX,0.01253128,0.91023666,1.0,1.0
51,202038101010061,0300270201,75,76070.74,PNX,0.017503008,0.9010386,1.0,1.0
52,207216201010036,0761920901,30,51568.38,PNX,0.011740961,0.98789644,0.978118,0.9870688
53,201481701010017,0148170101,15,67711.02,PNS,0.0148565965,0.9377761,1.0,1.0
54,201080604010074,0604960301,43,79261.06,PNX,0.0132268295,0.9455366,1.0,1.0
55,207615502010064,0761550201,72,80739.44,PNS,0.010271339,0.9231092,1.0,1.0
56,203002702015047,0300270201,48,75903.66,PNS,0.018488497,0.9141598,1.0,1.0
57,201092707015053,0763120201,54,68938.62,PNS,0.014280222,0.9343255,1.0,0.93381387
58,201010401010032,0831790601,6,81793.4,PNS,0.012579863,0.926233,1.0,1.0
59,201128002010050,0791010101,13,120517.8,PNS,0.013544741,0.96271044,1.0,1.0
60,207610701010019,0761070101,19,90675.0,PNS,0.016400635,0.9302541,0.9999993,0.99987674
61,208229601010009,0822960101,9,76427.6,PNS,0.016491575,0.9104927,1.0,0.9971035
62,200709401010015,0782650101,13,92110.79,PNU,0.019294247,0.9444492,1.0,0.99996877
63,200709401010015,0782650101,13,92110.79,PNX,0.019312022,0.93348634,1.0,0.9996948
64,208039104010091,0803910401,91,85089.37,PNS,0.010937779,0.9336076,0.99999714,1.0
65,208039104010043,0803910401,43,85089.39,PNX,0.011559475,0.9587205,1.0,1.0
66,206931904010007,0693190401,7,96881.2,PNS,0.018857433,0.9198836,1.0,0.99999654
67,201084602010048,0723801601,36,79637.76,PNS,0.017279152,0.93334633,0.99164903,0.99893516
68,201080604010046,0604960301,55,99400.6,PNX,0.013852626,0.983648,1.0,1.0
69,203002702010075,0300270201,79,76070.78,PNX,0.012121333,0.91830856,1.0,1.0
70,201080607010125,0604960301,96,99410.99,PNS,0.011563275,0.968597,1.0,1.0
71,201080605010113,0604960301,112,99408.38,PNS,0.01281836,0.97391075,1.0,1.0
72,204025612010017,0763120201,45,57141.12,PNX,0.011124714,0.94468445,1.0,1.0
73,201122801010025,0780760501,32,60689.2,PNS,0.012702294,0.95759827,1.0,0.9712989
74,201080604015035,0604960301,66,99382.38,PNS,0.011772595,0.9851141,1.0,1.0
75,207816902010019,0781690201,19,57253.15,PNX,0.01008961,0.95749754,1.0,0.9999976
76,201108902010054,0554710801,28,62601.15,PNS,0.010335991,0.9650477,0.99999857,0.9905828
77,202038101015033,0300270201,44,76070.74,PNS,0.020394627,0.9498765,0.9999999,0.9985954
78,200813408010014,0803910401,86,85115.39,PNS,0.010593338,0.9287473,1.0,1.0
79,200813408010069,0803910401,74,85089.37,PNX,0.011620899,0.9644558,1.0,1.0
80,201109504010025,0841481401,42,83099.95,PNU,0.010750648,0.9562251,1.0,1.0
81,207903805010160,0790380501,160,109917.6,PNX,0.013564424,0.9702711,0.9999988,0.9999006
82,203040501010020,0304050101,23,50102.76,PNS,0.015054658,0.90695184,0.93201435,0.9992607
83,207216201010022,0761920901,28,51596.98,PNX,0.012755624,0.9770652,1.0,1.0
84,202001301010089,0761630301,95,90334.4,PNX,0.014064705,0.9477182,0.9784581,0.99989474
85,201125506010015,0761630201,32,94836.68,PNS,0.0116370255,0.9326922,1.0,1.0
86,201485605010072,0148560501,67,63357.71,PNU,0.01035953,0.93028545,1.0,0.9979983
87,203002702010074,0300270201,76,75903.66,PNS,0.017387424,0.9257882,1.0,0.99996245
88,203002702010079,0300270201,91,76070.77,PNS,0.013895187,0.9400372,1.0,0.99931157
89,202001301015181,0761630301,113,90347.4,PNS,0.011271882,0.9002228,0.99996436,0.99930406
90,201489601010025,0148960101,22,55796.05,PNS,0.017383074,0.9592243,1.0,1.0
91,201080604010046,0555780401,49,86434.4,PNX,0.011050891,0.93308485,1.0,1.0
92,203068701010065,0741280201,44,86241.99,PNX,0.011152317,0.9441711,1.0,1.0
93,201125506010027,0761630301,103,84087.0,PNS,0.011089287,0.9292752,0.9998227,0.9957241
94,207444503010047,0744450301,47,94746.4,PNX,0.011935719,0.93511623,1.0,0.9999964
95,207444503010007,0744450301,7,94784.2,PNX,0.01631412,0.9277231,1.0,0.99993837
96,207223602010002,0762220101,4,100500.4,PNS,0.01734598,0.94705737,1.0,1.0
97,203025001010035,0302500101,35,75941.81,PNX,0.010036336,0.9653089,1.0,1.0
98,207812103010014,0781210301,14,66188.26,PNX,0.011307086,0.9430096,1.0,1.0
99,207619208010034,0761920801,34,64550.8,PNX,0.010099836,0.9059146,1.0,1.0
100,200813408010058,0803910401,79,85089.37,PNS,0.011293094,0.97222185,1.0,1.0
101,208627305010003,0862730501,3,65024.58,PNU,0.045278225,0.93014824,1.0,1.0
102,207903806010174,0790380601,174,116691.4,PNX,0.0109918825,0.9466001,1.0,0.9893839
103,208043010010089,0804301001,89,77617.77,PNS,0.011626864,0.90274626,0.9999267,0.99461186
104,202039001010015,0203900101,16,88889.55,PNS,0.014075356,0.90313894,1.0,1.0
105,201080604010015,0604960301,22,99400.6,PNX,0.016840737,0.9791434,1.0,1.0
106,201125506010061,0761630301,50,90376.0,PNX,0.01739693,0.9403841,1.0,0.9993011
107,200773401015192,0555630401,136,103108.6,PNX,0.010857503,0.9090057,1.0,1.0
108,203004803010019,0761500201,52,56046.67,PNS,0.011189817,0.95359564,1.0,0.9976453
109,206909001010003,0690900101,3,64989.6,PNX,0.020899214,0.9127327,1.0,1.0
110,205101817010005,0510181701,5,51254.79,PNU,0.02953896,0.9349118,1.0,0.90882576
111,205509314010041,0694670101,14,84486.96,PNS,0.01315226,0.92233175,1.0,1.0
112,207277801010019,0790380901,18,105359.7,PNS,0.015387205,0.92134213,1.0,1.0
113,207446401010015,0744640101,15,91357.12,PNX,0.011382262,0.9581319,1.0,1.0
114,201080605010079,0555780401,46,86410.39,PNS,0.011074708,0.9430996,1.0,0.9957463
115,200930001010063,0093000101,67,52603.19,PNX,0.012539656,0.93373823,1.0,1.0
116,201080606010043,0604960301,77,99392.78,PNX,0.012040663,0.9692637,1.0,1.0
117,200124403015018,0764370201,28,63092.77,PNX,0.010389002,0.9123968,1.0,0.9999399
118,207616303010090,0761630301,122,90347.4,PNX,0.0110757835,0.9002228,0.9980496,0.99839455
119,207444503010041,0744450301,49,94746.4,PNS,0.013423677,0.9166888,1.0,0.9999974
120,205521703010027,0552170301,26,67662.4,PNS,0.010195831,0.95395195,1.0,0.9960245
121,200563401010018,0502120101,20,73974.17,PNS,0.014733428,0.92493874,1.0,1.0
122,208106001010069,0810600101,69,60830.7,PNX,0.010113527,0.90332204,1.0,0.91770947
123,206010101010017,0844860701,23,92531.4,PNS,0.011787738,0.90611404,0.9999999,0.999848
124,208220501010012,0822050101,12,51256.4,PNX,0.011883764,0.9182333,0.99993825,1.0
125,208039104010075,0803910401,75,85094.58,PNS,0.010597972,0.9434595,1.0,1.0
126,201645607010097,0824450501,121,77993.75,PNX,0.012423251,0.9586043,1.0,0.99860954
127,208627305010017,0862730501,17,64990.78,PNX,0.010749682,0.9306417,1.0,1.0
128,206569901010043,0790380601,61,116691.4,PNS,0.010284478,0.94495636,0.9978483,0.9585712
129,207611001010169,0790380601,76,96274.28,PNS,0.012163449,0.9416848,1.0,0.9658897
130,200936703010056,0804301001,52,77630.77,PNX,0.022558713,0.90274626,0.9999993,0.9981025
131,208440201010009,0844020101,9,70263.57,PNX,0.012517324,0.94082516,1.0,1.0
132,207446001010035,0744600101,40,88632.0,PNS,0.010819685,0.92554164,1.0,0.988981
133,202038101010044,0300270201,49,76070.78,PNX,0.013516379,0.94390935,1.0,1.0
134,206010101010020,0844860701,16,92531.4,PNS,0.017060943,0.9504206,1.0,0.9997644
135,208448607010085,0844860701,85,92531.4,PNX,0.010000112,0.9620999,1.0,0.99972767
136,205549203010017,0821240301,5,61985.03,PNX,0.014398944,0.95138115,1.0,1.0
137,200813408010022,0803910401,14,85115.38,PNX,0.018648867,0.9089069,1.0,1.0
138,202124802010104,0824450501,88,77991.16,PNX,0.01238769,0.93481416,1.0,0.9999945
139,201645607010081,0824450501,44,77991.16,PNX,0.01276717,0.93481416,1.0,1.0
140,208404401010020,0840440201,31,68732.23,PNS,0.011057709,0.90332204,1.0,0.9993168
141,207611001010102,0790380601,115,84747.37,PNS,0.013440673,0.95992965,1.0,0.95209366
142,208006301010007,0800630101,7,77647.91,PNS,0.011110997,0.9398236,1.0,0.999079
143,202001301010121,0761630301,139,84086.99,PNS,0.010333043,0.9292752,1.0,0.9999335
144,201080604010004,0555780401,11,86434.4,PNS,0.017271984,0.9056486,1.0,0.9990932
145,201010401010018,0831790601,15,81746.6,PNS,0.010069953,0.938216,1.0,1.0
146,207409601010066,0831790701,112,102415.7,PNX,0.012444679,0.93539506,0.99986005,0.99855036
147,208229601010040,0822960101,40,76428.45,PNS,0.010081048,0.91250885,1.0,1.0
148,203002702010068,0300270201,70,76070.77,PNX,0.015257623,0.9257882,1.0,0.99994946
149,202102702010029,0821800201,7,113501.9,PNU,0.031182317,0.91742945,1.0,1.0
150,208218001010084,0821800101,84,108373.2,PNX,0.0115767075,0.93017566,1.0,0.9972904
151,201084602010031,0723801601,45,79162.16,PNS,0.013913638,0.9447491,1.0,0.9997315
152,201485605010031,0148560501,40,63329.14,PNU,0.010656943,0.93028545,1.0,0.99999225
153,201080606010142,0604960301,61,99382.38,PNS,0.013474423,0.97834533,1.0,1.0
154,207413002010004,0741300201,5,103461.8,PNS,0.016615676,0.9011633,1.0,1.0
155,207444503010019,0744450301,20,94784.2,PNX,0.018371753,0.9424698,1.0,0.999982
156,201480905010032,0744600101,7,88632.0,PNS,0.0110311005,0.9418221,0.99999774,0.91470563
157,204010602010088,0761500201,53,72408.98,PNS,0.01002611,0.90802765,1.0,0.99973994
158,207444503010079,0744450301,69,94778.8,PNS,0.0139803635,0.9429933,1.0,0.9999882
159,207444002010016,0744400201,16,58882.17,PNS,0.015278202,0.96176153,0.93108183,0.99950266
160,206733101010013,0821800201,18,118536.2,PNX,0.010860441,0.93875283,1.0,1.0
161,207446401010009,0744640101,9,105781.0,PNS,0.019425834,0.9198139,1.0,1.0
162,202026705010133,0202670701,103,110273.8,PNX,0.01039445,0.9522531,0.99999964,1.0
163,202039001010024,0203900101,20,87166.14,PNS,0.0148283895,0.96401244,1.0,1.0
164,206944403010023,0761550201,44,80739.45,PNS,0.010819484,0.9480201,1.0,1.0
165,207216201010108,0761920901,39,51568.38,PNX,0.010113089,0.9578501,1.0,1.0
166,201010401010130,0741280201,61,86239.4,PNS,0.012063371,0.9622849,1.0,1.0
167,201458001010028,0145800101,26,60021.59,PNU,0.0108382655,0.9073553,0.93329495,0.9817116
168,208317907010130,0864330101,131,88399.98,PNX,0.016004762,0.9283071,0.999403,0.97614425
169,201080604010003,0604960301,4,99410.99,PNX,0.03290555,0.9762288,1.0,1.0
170,201485605010050,0148560501,50,63357.71,PNU,0.010178961,0.9342168,0.9999999,0.9997408
171,201042601010100,0824450501,57,78006.75,PNS,0.016859798,0.90231436,0.99999666,0.99942136
172,201042601010055,0824450501,63,77998.95,PNS,0.01652574,0.92634153,1.0,0.95073116
173,207611001010120,0790380501,112,92270.3,PNX,0.015225029,0.95252526,1.0,0.98489505
174,203002702010034,0300270201,33,75903.66,PNS,0.018927854,0.90533835,0.9999889,0.9990796
175,207216201010027,0761920901,27,51573.6,PNS,0.0124641415,0.91608894,0.9999963,1.0
176,201080604010029,0555780401,18,86434.4,PNS,0.012216185,0.90766567,1.0,0.9885675
177,207446001010022,0744600101,24,88632.0,PNS,0.011237491,0.92375755,1.0,1.0
178,201485605010024,0148560501,27,63331.74,PNU,0.016709799,0.9462123,1.0,0.99680746
179,207415801015011,0792790101,11,67450.38,PNX,0.012186208,0.97016174,0.9999999,0.970303
180,201478001010032,0147800101,35,101313.8,PNS,0.014342365,0.9356462,1.0,1.0
181,201080606010102,0604960301,26,99382.38,PNX,0.014145852,0.97391075,1.0,1.0
182,201080604010015,0555780401,19,86431.78,PNS,0.0119206775,0.93517214,1.0,1.0
183,201109903010017,0844860101,9,101166.0,PNS,0.016448475,0.9050281,1.0,1.0
184,201080604010004,0555780101,14,101500.4,PNX,0.014657352,0.94541734,1.0,1.0
185,208019505010040,0801950401,15,101233.1,PNX,0.010407799,0.9330367,1.0,1.0
186,207216201010002,0761920901,6,51573.6,PNS,0.026233837,0.97730756,1.0,1.0
187,206708805010013,0670880501,13,55789.15,PNX,0.0105818845,0.9180993,1.0,0.9999119
188,201490102010011,0149010201,11,54841.16,PNS,0.017213458,0.9630193,1.0,1.0
189,201109504010010,0841481401,22,83115.55,PNU,0.012622169,0.9254368,1.0,1.0
190,201042601010025,0824450501,138,66812.61,PNX,0.013484742,0.95230544,1.0,0.9989697
191,201092707010082,0763120201,63,68949.05,PNS,0.01247522,0.9048343,1.0,0.99999976
192,201122905010008,0500750101,30,65036.39,PNS,0.015105465,0.90301204,1.0,0.97866315
193,207412802015053,0741280201,47,86239.4,PNX,0.011541904,0.9441711,1.0,1.0
194,201010401010021,0741280201,20,86262.8,PNX,0.013687031,0.9380778,1.0,0.9999999
195,201068601010015,0693850501,13,110349.2,PNX,0.010484616,0.93918157,1.0,1.0
196,201080604010058,0604960301,89,99400.6,PNS,0.011848246,0.9720929,1.0,1.0
197,201428001010001,0142800101,1,87985.41,PNS,57.405315,0.9802801,1.0,1.0
198,200823401010007,0203560201,8,69324.66,PNX,0.021011941,0.9362762,1.0,1.0
199,206562018010023,0674380701,8,53628.49,PNS,0.01972691,0.9372475,0.999987,0.999979
200,207843302010021,0784330201,21,82923.59,PNX,0.012936239,0.9059146,0.99996746,0.9795002
201,201247125010097,0204040301,83,57713.93,PNX,0.010029546,0.9598065,1.0,0.98413175
202,201489601010049,0148960101,50,55746.7,PNS,0.011049567,0.9918969,1.0,1.0
203,201485605010020,0148560501,21,63339.53,PNU,0.0134177515,0.9121449,1.0,0.9999939
204,201125506010049,0761630201,49,94860.1,PNX,0.011645558,0.9501676,1.0,1.0
205,202001301010123,0761630201,66,94828.89,PNS,0.010768439,0.9051832,1.0,0.99998116
206,201092707010054,0763120201,38,68933.41,PNX,0.013516372,0.92628986,0.99991727,0.9274903
207,206005406010055,0741280201,56,86239.4,PNX,0.0114175,0.94672227,1.0,0.99999917
208,205538501010015,0653320101,26,83340.4,PNX,0.01720931,0.9411153,1.0,0.99986136
209,206935202010014,0693520201,13,104387.4,PNS,0.011078267,0.9297366,1.0,1.0
210,207437002010040,0743700201,42,83913.34,PNX,0.010910916,0.9296048,0.9980902,1.0
211,201489601010040,0148960101,40,55777.87,PNX,0.01369683,0.97929823,1.0,1.0
212,207281901010048,0844860701,25,92531.4,PNX,0.011289392,0.90611404,0.9999491,0.9999695
213,201080604010009,0604960301,5,99410.99,PNS,0.025493313,0.97141516,1.0,1.0
214,201080604010005,0604960301,3,99382.38,PNS,0.04258142,0.9713733,1.0,1.0
215,208019505010031,0801950401,23,101217.5,PNX,0.010339452,0.958447,1.0,1.0
216,201481701010009,0148170101,9,67711.02,PNS,0.023995128,0.9376,1.0,1.0
217,201458001010005,0145800101,5,59987.77,PNU,0.018964825,0.90433013,1.0,0.9895158
218,208405803010053,0840580401,71,105401.4,PNS,0.010242107,0.9519126,0.99942684,0.95916605
219,206937601010007,0804670701,3,50942.6,PNX,0.052119832,0.91138893,1.0,0.9998883
220,201259601010040,0152020101,75,71585.79,PNU,0.0101970285,0.94342947,1.0,0.9882731
221,201125506010038,0761630201,40,94828.89,PNS,0.011124653,0.9051832,0.92795384,0.9865796
222,207446001010060,0744600101,74,88632.0,PNX,0.010487993,0.9574387,1.0,0.9929229
223,201485605010081,0148560501,79,55431.23,PNU,0.011294522,0.9601153,1.0,1.0
224,203004802010026,0761500201,68,56046.81,PNS,0.011997045,0.9208163,1.0,0.9944384
225,207640101010066,0764010101,69,70871.59,PNS,0.013079447,0.91742945,1.0,0.98342425
226,207252401010054,0761550201,34,80729.04,PNS,0.011391382,0.9234422,1.0,1.0
227,201010401010014,0741280201,10,86239.4,PNS,0.018420808,0.93770903,1.0,1.0
228,208317907010089,0831790701,89,102397.5,PNX,0.012399268,0.93147945,0.91937184,0.9958746
229,206578201010017,0831790701,16,102428.7,PNS,0.0111326175,0.92365235,1.0,0.999977
230,203004803010059,0761500201,21,56043.44,PNS,0.015398129,0.93230695,1.0,0.9999999
231,201490102010004,0149010201,4,54750.16,PNX,0.043661218,0.93853825,1.0,1.0
232,208039104010120,0803910401,120,85115.39,PNX,0.010443817,0.9089069,1.0,1.0
233,208039104010128,0803910401,128,85110.17,PNS,0.010406779,0.9005325,1.0,1.0
234,208039104010027,0803910401,27,85089.37,PNX,0.013675396,0.9711736,1.0,1.0
235,206556701010027,0784860101,39,89145.22,PNS,0.010694082,0.94421786,1.0,0.998836
236,204105804010021,0784860101,44,89153.02,PNS,0.012436198,0.94678766,1.0,0.9324592
237,207434602010007,0801100101,10,75511.78,PNX,0.010077988,0.93334633,1.0,1.0
238,207623601010006,0762360101,6,74643.41,PNX,0.013758654,0.9149149,1.0,0.94029516
239,207823301010042,0782330101,45,52102.77,PNX,0.01568669,0.9327857,0.9989718,0.95443743
240,201489601010027,0148960101,29,55777.87,PNS,0.015914679,0.97929823,1.0,1.0
241,201359802010024,0760870101,17,108498.9,PNX,0.012850529,0.9126932,1.0,1.0
242,207444503010038,0744450301,35,94746.4,PNS,0.012281551,0.9274255,1.0,0.99950314
243,205021201010013,0502120101,11,90193.98,PNX,0.019704489,0.9327692,1.0,1.0
244,201109903010015,0844860701,31,92531.4,PNS,0.011032849,0.9531972,1.0,1.0
245,200795702010005,0652250601,3,95107.99,PNS,0.031960994,0.9159212,1.0,1.0
246,200813408010036,0803910401,73,85089.37,PNX,0.011433165,0.93582195,1.0,1.0
247,208627302010017,0862730601,16,65708.88,PNS,0.01295003,0.95565796,1.0,1.0
248,208627302010007,0862730601,8,65690.32,PNS,0.014788623,0.9440693,1.0,1.0
249,207277801010041,0790380501,114,109914.9,PNX,0.010249603,0.9326922,1.0,0.99999905
250,203023901010077,0805050101,90,61095.75,PNS,0.012593496,0.9127327,1.0,1.0
251,207238016010037,0723801601,37,79162.16,PNX,0.016299346,0.93156,1.0,0.9980958
252,202038101010080,0300270201,52,75903.66,PNS,0.01803265,0.9257882,1.0,1.0
253,201489601010063,0148960101,59,55746.7,PNX,0.012464285,0.983563,1.0,1.0
254,201125903010151,0403200101,85,78344.15,PNU,0.033264227,0.9737128,1.0,1.0
255,201485605010112,0148560501,95,63357.71,PNU,0.010228065,0.93028545,0.9983487,0.93311536
256,207233801010008,0723380101,9,54485.59,PNX,0.01244625,0.94082516,1.0,0.92722887
257,201080604010027,0604960301,51,99410.99,PNS,0.012317141,0.98031026,1.0,1.0
258,205026302010066,0761500201,41,72411.7,PNS,0.011748703,0.93230695,1.0,0.9917989
259,205042601010071,0761550201,29,80705.64,PNX,0.011157965,0.9550901,1.0,0.9999261
260,201259601010033,0152020101,26,71627.38,PNU,0.027538622,0.9556403,1.0,0.9998561
261,203002702010064,0300270201,71,76070.78,PNS,0.016515205,0.9521679,0.99999857,0.99989057
262,208229602010029,0822960201,29,86137.89,PNS,0.010321751,0.9459245,1.0,1.0
263,200709404010022,0782650101,31,92126.34,PNX,0.010347505,0.96854335,1.0,1.0
264,208448601010057,0844860701,82,92557.39,PNS,0.010049376,0.90611404,0.99999964,0.9998392
265,201259601010045,0152020101,61,71585.79,PNX,0.014905895,0.90298617,1.0,0.9125594
266,201068601010028,0764770101,14,66652.12,PNS,0.02060027,0.9343255,1.0,1.0
267,201068601010006,0693850501,5,110349.2,PNX,0.02663786,0.904935,1.0,1.0
268,201099805010013,0761550201,7,80729.04,PNX,0.03252946,0.93739676,0.99805224,0.9999815
269,203057509010010,0841482101,13,100106.9,PNS,0.01780385,0.94611067,1.0,1.0
270,201042601010037,0824450501,11,77998.95,PNS,0.014556849,0.9601063,1.0,0.95638037
271,201042601010050,0824450501,46,77996.35,PNX,0.015024483,0.93708587,0.94235396,0.9992656
272,201513701010079,0505140501,54,67685.8,PNU,0.011901512,0.9097565,1.0,1.0
273,207637004010042,0763700301,18,53150.15,PNS,0.012270983,0.9691724,1.0,1.0
274,201080605010112,0604960301,44,99382.38,PNX,0.014290954,0.97834533,1.0,1.0
275,201080604010037,0604960301,84,99410.99,PNS,0.012302921,0.98980975,1.0,1.0
276,201010401010058,0741280201,36,86252.4,PNX,0.010907026,0.9330521,1.0,1.0
277,201010401010035,0741280201,35,86262.8,PNX,0.011381356,0.9444328,1.0,1.0
278,201129705010040,0202670501,85,73502.09,PNX,0.0165265,0.92294264,0.99999833,1.0
279,201068601010009,0764770101,18,66691.12,PNX,0.010057785,0.9346514,0.96532196,1.0
280,200709401010013,0782650101,10,83343.35,PNU,0.0393801,0.9766001,1.0,0.9436356
281,207823301010035,0782330101,35,52102.74,PNX,0.016242646,0.974721,1.0,0.9999362
282,202035602010016,0203560201,16,60094.97,PNS,0.01601374,0.951413,1.0,1.0
283,208405803010043,0840580401,53,105372.8,PNX,0.010425697,0.92014563,1.0,0.96056044
284,201042601010072,0824450501,67,78006.75,PNX,0.015982872,0.95230544,1.0,0.9486169
285,208627305010021,0862730501,21,65006.4,PNU,0.012174786,0.93014824,1.0,1.0
286,206569901010044,0790380501,46,109914.9,PNX,0.017644778,0.9326922,1.0,0.95431596
287,207223603010022,0722360301,22,103492.0,PNS,0.011036889,0.96393174,1.0,1.0
288,201489601010029,0148960101,27,55790.88,PNX,0.016722107,0.97415054,1.0,1.0
289,200930001010037,0093000101,40,52605.8,PNS,0.04226082,0.9335424,1.0,1.0
290,201489601010089,0148960101,88,55746.7,PNS,0.010282392,0.97929823,1.0,1.0
291,201080604010049,0555780401,57,86431.78,PNS,0.010239279,0.9512633,1.0,1.0
292,201080605010079,0604960301,47,99408.38,PNS,0.013235373,0.98645055,1.0,1.0
293,201129721015141,0202670701,141,110273.8,PNX,0.0110984845,0.9255475,1.0,0.99455255
294,201126101010004,0745110301,10,62312.28,PNS,0.014735848,0.94390935,1.0,1.0
295,201092707010021,0763120201,62,68938.62,PNS,0.011777406,0.9048343,1.0,0.99999857
296,201109903010022,0844860101,14,101163.4,PNX,0.01106011,0.9050281,1.0,1.0
297,202039001010017,0203900101,17,88913.16,PNS,0.012863575,0.9370982,1.0,1.0
298,207838901010015,0783890101,15,75084.04,PNS,0.010237168,0.9116769,0.9999999,0.99998844
299,207644201010009,0790180101,5,50690.19,PNX,0.036674112,0.91038066,0.99997723,0.91616136
300,201109504010006,0841481401,2,83115.55,PNU,0.030236274,0.9254368,0.9966917,1.0
301,201042601010104,0824450501,150,66812.61,PNX,0.0115272915,0.97682196,1.0,0.9999931
302,201042601015128,0824450501,197,77996.35,PNS,0.014851893,0.90231436,0.9999932,1.0
303,208244505010032,0824450501,32,77996.35,PNS,0.021042082,0.92144233,1.0,0.9999839
304,201111202010029,0305540701,37,58765.2,PNS,0.010221297,0.9422898,1.0,1.0
305,205101817010010,0510181701,11,51241.79,PNX,0.017485429,0.9349118,0.9999988,1.0
306,201080604010037,0555780401,42,86434.4,PNX,0.010271728,0.92044055,1.0,0.99997497
307,201010401010109,0741280201,23,86268.0,PNS,0.01283139,0.93770903,1.0,1.0
308,201485605010043,0148560501,41,63357.71,PNX,0.010766617,0.9460684,1.0,0.99954164
309,207444503010078,0744450301,70,94751.8,PNS,0.013500317,0.91774684,1.0,0.99999607
310,201481701010024,0148170101,23,67711.02,PNX,0.015494568,0.9649438,1.0,1.0
311,205101817010013,0510181701,12,51254.79,PNX,0.016183829,0.9360816,0.99994004,0.98723894
312,201080604010067,0604960301,54,99400.6,PNS,0.01343234,0.9851141,1.0,1.0
313,201080604010013,0604960301,17,99400.6,PNS,0.018522311,0.9762288,1.0,1.0
314,201080605010131,0604960301,107,99410.99,PNS,0.0125314435,0.9836769,1.0,1.0
315,201080605010112,0555780401,43,86429.18,PNX,0.010605056,0.9430996,1.0,0.9999678
316,201108902010027,0554710801,18,76551.57,PNX,0.010313908,0.92597985,0.99999833,0.99507254
317,203002405010041,0694170101,8,113361.9,PNS,0.013990604,0.91387844,1.0,0.9892197
318,203011503010036,0764010101,33,73428.73,PNX,0.018810948,0.943379,1.0,0.9409175
319,203029001015091,0500750101,81,65044.19,PNX,0.010673471,0.9457087,0.9824715,0.93100375
320,207252401010057,0761550201,47,80734.24,PNS,0.010315771,0.9244402,1.0,1.0
321,207623601010027,0762360101,23,63821.2,PNS,0.010426655,0.93660027,1.0,1.0
322,207615501010082,0761550101,70,77300.54,PNX,0.010006875,0.9009714,0.9633916,0.9077383
323,200124403010077,0764370201,37,63092.77,PNS,0.011081769,0.9546637,1.0,0.9999865
324,202001301010099,0761630301,29,90334.4,PNX,0.018989902,0.9496613,1.0,1.0
325,207437002010001,0743700201,1,100550.6,PNS,0.2616009,0.99403113,1.0,1.0
326,201122801010026,0780760501,43,60663.21,PNX,0.010515806,0.90533835,1.0,0.99908257
327,203025001010045,0302500101,45,75947.01,PNX,0.010301326,0.95017356,1.0,1.0
328,208229601010020,0822960201,6,103195.6,PNX,0.012027525,0.9651387,1.0,1.0
329,201125219010075,0824610201,62,77840.56,PNS,0.014637065,0.9299718,0.9998814,0.9999697
330,202124802015125,0824450501,92,77996.35,PNX,0.015150907,0.90231436,1.0,1.0
331,207843302010045,0784330201,45,82923.59,PNX,0.013577463,0.9544016,0.999629,0.98984337
332,201010401010028,0741280201,17,86239.4,PNX,0.012858014,0.9543079,1.0,0.9687293
333,201485605010016,0148560501,15,63357.71,PNX,0.020904498,0.93050474,0.9999764,0.99807405
334,201126101010019,0745110301,19,62312.47,PNS,0.010538197,0.93154514,1.0,1.0
335,207826501010041,0782650101,44,92110.79,PNX,0.010660557,0.922212,1.0,0.9595102
336,201520201010188,0152020101,188,71536.36,PNU,0.010038165,0.97282106,1.0,0.9986374
337,207838901010001,0783890101,1,75097.05,PNS,0.1074605,0.91225284,1.0,1.0
338,201481701010025,0148170101,25,67711.02,PNS,0.011079249,0.95109487,1.0,0.9802793
339,208039104010061,0803910401,61,85094.58,PNX,0.011196302,0.9711736,1.0,1.0
340,201111202010009,0800031001,8,82127.65,PNX,0.05084882,0.938216,1.0,1.0
341,202038101010056,0300270201,83,76070.78,PNX,0.016205626,0.9259052,1.0,0.99997926
342,203025001010015,0302500101,18,75952.2,PNS,0.016166732,0.9279215,1.0,1.0
343,201489601010082,0148960101,83,55770.04,PNX,0.011332097,0.9486564,1.0,1.0
344,203002702015058,0300270201,60,76070.74,PNX,0.015230286,0.9400372,1.0,0.9997552
345,201504706010019,0743830601,10,91311.83,PNX,0.015858259,0.9230676,1.0,1.0
346,201489601010013,0148960101,13,55790.88,PNS,0.020280471,0.9592243,1.0,1.0
347,201128002010026,0791010301,31,63973.0,PNS,0.0107078515,0.9177166,1.0,1.0
348,207812103010013,0781210301,13,66177.83,PNX,0.011933757,0.95694834,1.0,1.0
349,201506102010037,0500500701,23,82457.41,PNS,0.010319079,0.9183428,1.0,0.9829655
350,207444503010033,0744450301,36,86592.24,PNS,0.0142595675,0.918064,0.9999999,0.9999931
351,201080604015095,0555780401,60,86434.4,PNX,0.010237663,0.9223,1.0,0.9999012
352,203002702010054,0300270201,56,75903.66,PNX,0.016836697,0.93950266,1.0,1.0
353,207444503010032,0744450301,33,94784.2,PNS,0.015182531,0.95252526,0.99999774,0.9996295
354,201125506010071,0761630301,76,90376.0,PNS,0.013147146,0.9354322,1.0,1.0
355,201052601015022,0206850101,26,65382.88,PNS,0.011912954,0.97286373,1.0,1.0
356,201010401010011,0741280201,4,86239.4,PNS,0.022274813,0.92375755,0.99962914,0.9562834
357,201010401010056,0741280201,38,86239.4,PNX,0.012526493,0.9093723,1.0,1.0
358,208414819010018,0841481901,18,85254.01,PNX,0.010356196,0.9379396,1.0,0.9999871
359,207444002010014,0744400201,14,58879.6,PNS,0.012252648,0.9695031,1.0,1.0
360,208229601010037,0822960101,37,76427.9,PNS,0.010140356,0.95059645,1.0,0.988492
361,201490102010014,0149010201,14,54841.16,PNX,0.015336494,0.9532391,1.0,1.0
362,201490102010003,0149010201,3,54833.35,PNS,0.07134053,0.96289384,1.0,1.0
363,202038101015084,0300270201,27,75903.66,PNS,0.022231096,0.9498047,1.0,0.9967552
364,201125227010058,0824610201,58,77822.35,PNX,0.014059626,0.90030026,0.99737895,1.0
365,201082602010080,0821800201,31,118559.5,PNX,0.01178593,0.9175551,1.0,1.0
366,207616301010108,0761630101,108,101095.0,PNS,0.010394761,0.9250384,1.0,1.0
367,205560301010016,0651610101,98,84332.83,PNX,0.014808312,0.9106328,1.0,1.0
368,208244505010058,0824450501,58,77998.95,PNS,0.015495592,0.9461237,1.0,0.9999993
369,207611001010148,0790380601,113,84747.37,PNS,0.014216636,0.90399414,1.0,0.9762042
370,203040501010071,0304050101,71,50076.75,PNS,0.010028119,0.90695184,1.0,0.9999331
371,207616301015189,0761630301,155,90363.0,PNS,0.010652072,0.9084414,1.0,1.0
372,201129706010013,0202670701,33,110297.2,PNS,0.012639177,0.9021885,1.0,1.0
373,202045002010039,0502140101,84,77956.77,PNS,0.010301914,0.9584368,1.0,1.0
374,201080604010045,0604960301,46,99408.38,PNS,0.01412908,0.9762288,1.0,1.0
375,207615501010035,0761550201,27,80739.45,PNS,0.010069382,0.9244402,1.0,1.0
376,207615502010109,0761550201,81,80729.04,PNS,0.010166826,0.93769485,1.0,1.0
377,202038101010085,0300270201,72,75903.66,PNX,0.0145760905,0.9259052,1.0,0.99999976
378,203004802010042,0761500201,29,56048.02,PNS,0.01711445,0.9081621,1.0,0.98612463
379,204045402010025,0674050101,34,95659.2,PNS,0.013589342,0.94534886,1.0,1.0
380,203040501010016,0304050101,17,50097.57,PNX,0.02127757,0.94702744,1.0,0.99770653
381,206010101010052,0844860701,53,92541.77,PNX,0.011158026,0.90611404,0.9998908,0.9998642
382,202039001010005,0203900101,5,88866.33,PNX,0.0133464895,0.9691724,1.0,1.0
383,208220501010010,0822050101,10,51256.4,PNS,0.014185608,0.9484648,1.0,1.0
384,204024303010179,0402430301,179,79778.4,PNS,0.010973617,0.93153244,1.0,0.9981139
385,201066601010001,0106660601,3,92230.3,PNS,0.027413826,0.90601057,1.0,1.0
386,201084602010026,0723801601,27,79637.76,PNS,0.01570729,0.9156194,1.0,0.9999143
387,201259601010054,0152020101,64,71601.38,PNU,0.012785401,0.9556403,1.0,1.0
388,200709401010009,0782650101,12,92110.79,PNX,0.02140562,0.96361744,1.0,1.0
389,200709401010009,0782650101,12,92110.79,PNU,0.02181267,0.9757057,1.0,1.0
390,202001301010072,0761630301,87,90352.6,PNS,0.013273693,0.91541815,0.99999905,0.9974159
391,207444503010067,0744450301,67,94784.2,PNX,0.014970421,0.9424698,1.0,0.99740654
392,208414819010014,0841481901,14,85254.0,PNX,0.013224072,0.9090362,0.9997154,1.0
393,207826501010008,0782650101,8,92110.79,PNX,0.012407495,0.9684732,1.0,0.9704331
394,203002405010008,0694170101,9,106920.6,PNX,0.012891342,0.9249941,1.0,1.0
395,201096608010001,0109661001,1,65541.52,PNX,0.36656442,0.9728802,1.0,1.0
396,208604601010002,0860460101,2,99899.16,PNX,0.07523336,0.9240565,1.0,1.0
397,203002702015062,0300270201,64,76070.77,PNX,0.01651653,0.90601057,1.0,0.99345946
398,207444503010109,0744450301,90,91873.9,PNX,0.011841718,0.90724325,0.99999976,0.9999844
399,201363401010022,0743700201,28,100589.6,PNS,0.010554223,0.92633253,1.0,0.9535981
400,201122905010049,0500750101,27,65036.39,PNS,0.017283013,0.90301204,1.0,0.99999094
401,201080604010020,0604960301,40,99382.38,PNX,0.013302853,0.97391075,1.0,1.0
402,207252401010062,0761550201,52,80726.45,PNS,0.010054316,0.9616985,1.0,1.0
403,201259601010056,0152020101,79,71585.79,PNX,0.010999954,0.9191291,1.0,0.99550974
404,207619204010017,0761920401,17,63071.93,PNS,0.012766684,0.93236476,0.99999344,0.9963121
405,202039001010004,0203900101,4,88866.33,PNX,0.02065922,0.96401244,1.0,1.0
406,207216201015026,0761920901,18,51573.6,PNX,0.018025208,0.91608894,0.9951271,1.0
407,200709401010011,0782650101,17,92110.79,PNU,0.010917568,0.97548044,1.0,0.9954065
408,200813408010025,0803910401,25,85089.37,PNS,0.010409971,0.9681082,1.0,0.9353763
409,208244502010034,0824450201,34,84994.0,PNX,0.010709448,0.9244402,1.0,0.9980234
410,201010401010037,0741280201,21,86268.0,PNS,0.015176311,0.9296048,1.0,1.0
411,207444503010144,0744450301,129,94746.4,PNX,0.013029618,0.9166888,1.0,0.9999026
412,207444503010035,0744450301,39,94751.8,PNS,0.0127774,0.95300126,0.9998129,0.99998474
413,201129721010138,0202670501,123,73275.88,PNU,0.016985072,0.94366944,1.0,0.9782899
414,203040501010022,0304050101,19,50076.75,PNS,0.017496338,0.90695184,0.9998634,0.9998777
415,201527802010030,0152780201,32,60637.32,PNX,0.010399272,0.91972435,1.0,1.0
416,207444503010113,0744450301,102,86594.72,PNX,0.014587473,0.9057866,0.9999999,0.9998022
417,207444002010034,0744400201,34,58856.18,PNX,0.012107828,0.93853825,1.0,0.99999714
418,203004803010085,0761500201,36,72408.98,PNX,0.010788489,0.9416702,1.0,0.98664933
419,201125219010032,0824610201,38,77837.96,PNX,0.013705296,0.91588247,1.0,1.0
420,208244505010079,0824450501,79,78006.75,PNS,0.018387837,0.92144233,0.9863944,0.99999976
421,201489601010048,0148960101,49,55790.88,PNS,0.018661158,0.9592243,1.0,1.0
422,207446001015151,0744600101,105,88632.0,PNS,0.010814493,0.9517793,1.0,1.0
423,200943101010003,0094310201,5,65585.43,PNX,0.01392236,0.9165678,0.9661976,0.9997614
424,201080604010016,0604960301,27,99410.99,PNS,0.016362736,0.9739502,1.0,1.0
425,202039001010008,0203900101,7,88842.95,PNS,0.01231594,0.9626354,1.0,1.0
426,205557805010141,0604960301,117,99400.6,PNX,0.013816549,0.9739502,1.0,1.0
427,201092707010027,0763120201,40,68949.05,PNS,0.01506166,0.9343255,1.0,0.9938498
428,201128002010042,0791010301,33,63973.0,PNS,0.010884796,0.919151,0.9983637,0.9991929
429,208236801010114,0831790701,111,102408.8,PNS,0.01081683,0.90679497,0.99999964,0.9999807
430,203025001010017,0302500101,17,75928.81,PNX,0.011699674,0.93853825,1.0,1.0
431,208019505010021,0801950401,28,98434.72,PNX,0.010062794,0.94733554,1.0,0.9999994
432,208039104010100,0803910401,100,85089.38,PNS,0.010107,0.91426766,1.0,1.0
433,207640101015103,0764010101,98,73407.9,PNS,0.0148094725,0.9155365,0.9999143,0.9951467
434,200147406010020,0401090101,20,61190.55,PNS,0.010593147,0.90701914,1.0,0.9436239
435,207619205010026,0761920501,27,55938.98,PNS,0.0152102215,0.9071032,1.0,0.95895636
436,201481701010026,0148170101,31,67711.02,PNX,0.013913788,0.97605634,1.0,1.0
437,207444503010095,0744450301,96,94784.2,PNS,0.011902772,0.9169005,0.9999895,0.999843
438,206005406010052,0741280201,50,86239.4,PNX,0.01185579,0.9132924,1.0,0.9998215
439,201080604010040,0604960901,8,80334.77,PNS,0.010817414,0.9084311,1.0,1.0
440,207216201015158,0761920901,82,51573.6,PNX,0.010501409,0.9578501,1.0,1.0
441,201129721010075,0202670501,72,73273.28,PNX,0.017275026,0.93311554,1.0,1.0
442,201125903010108,0403200101,65,78328.59,PNX,0.031078681,0.92010635,1.0,1.0
443,207444002010009,0744400201,9,58879.6,PNS,0.017170455,0.9389673,0.99996066,0.99997306
444,207216201010018,0721620101,18,66781.0,PNX,0.013973901,0.98911846,1.0,1.0
445,201042601010054,0824450501,33,77998.95,PNS,0.017519131,0.9558809,1.0,0.9911623
446,208244505010111,0824450501,111,77998.95,PNS,0.017071096,0.9461237,1.0,0.9999757
447,203068701010044,0741280201,65,86241.99,PNS,0.0105756875,0.9622849,1.0,1.0
448,205557801010063,0604960301,38,99410.99,PNX,0.013249841,0.9864759,1.0,1.0
449,200124403010055,0764370201,53,63095.4,PNX,0.010195548,0.9386302,1.0,0.9998272
450,207444002010026,0744400201,33,58856.18,PNS,0.012255211,0.95166737,0.9999857,0.99998736
451,206006606015135,0763120201,75,68925.55,PNS,0.014578968,0.91200924,0.99695563,0.99982506
452,201068601010016,0693850501,14,110325.8,PNX,0.010258153,0.9756884,1.0,1.0
453,203002702010032,0300270201,31,75903.66,PNS,0.02526375,0.9257882,0.99999976,0.9999912
454,200709401010027,0782650101,22,92126.34,PNU,0.013338228,0.9757057,1.0,1.0
455,200709401010027,0782650101,22,92126.34,PNX,0.013333929,0.9514528,1.0,1.0
456,201080606010030,0604960301,14,99408.38,PNS,0.01808329,0.98027736,1.0,1.0
457,208448601010049,0844860701,105,92531.4,PNX,0.010989074,0.90611404,0.9999962,0.99943143
458,207409601010111,0831790701,90,102397.5,PNS,0.012003979,0.92365235,0.99999976,0.99999297
459,208317907010075,0831790701,75,102408.8,PNS,0.010861406,0.9429278,0.99710995,0.99994457
460,201068601010009,0693850501,10,110349.2,PNX,0.015200759,0.93810856,1.0,1.0
461,201080604010017,0555780401,4,86429.18,PNX,0.04009418,0.93308485,1.0,0.9808837
462,208019505010023,0801950401,20,101196.8,PNS,0.011422896,0.94153434,1.0,0.9995079
463,203002702010025,0300270201,25,75903.66,PNS,0.026373254,0.92963976,1.0,0.990101
464,208046801010011,0804680101,11,104359.8,PNX,0.015853655,0.9691724,1.0,1.0
465,200813408010008,0803910401,23,76703.05,PNS,0.018509686,0.9634083,1.0,1.0
466,201042601015137,0824450501,124,78006.75,PNS,0.012399187,0.9666758,1.0,0.99789596
467,201042601010071,0824450501,73,77991.16,PNS,0.014907537,0.95230544,1.0,0.96121335
468,201042601010144,0824450501,115,77993.75,PNS,0.0146371145,0.9077587,1.0,0.9993242
469,207843302010087,0784330201,87,82908.01,PNX,0.010154826,0.9059146,1.0,1.0
470,201092707010047,0763120201,66,68949.05,PNX,0.014861169,0.96889323,1.0,0.95929205
471,201010401010034,0741280201,48,86239.4,PNS,0.011206641,0.9292093,1.0,1.0
472,207640101010085,0764010101,76,73428.73,PNX,0.013973592,0.94839436,1.0,1.0
473,206708805010014,0670880501,15,55794.35,PNS,0.011442992,0.9180993,0.9990264,0.99996614
474,207216201010020,0761920901,17,51573.6,PNX,0.016464198,0.91541815,0.99999976,0.9997738
475,201513701010051,0505140501,79,67678.0,PNX,0.012701887,0.9097565,1.0,0.99999654
476,201489601010053,0148960101,56,55746.7,PNS,0.012191598,0.9589692,1.0,1.0
477,203003102010084,0500500701,37,82467.94,PNX,0.010680083,0.93481416,1.0,0.98459494
478,201080623010177,0604960301,104,99400.6,PNS,0.012321305,0.98645055,1.0,1.0
479,200287402010079,0655050101,11,117954.2,PNS,0.012987111,0.9589692,1.0,1.0
480,201128002010012,0791010101,9,120510.0,PNS,0.021345772,0.93844616,1.0,1.0
481,206578201010020,0831790701,31,102427.0,PNS,0.011743986,0.91150093,0.9741871,0.99894124
482,207810401010007,0781040101,7,86069.14,PNX,0.02251863,0.9544697,1.0,1.0
483,208220501010031,0822050101,31,51256.4,PNS,0.011410494,0.9182333,1.0,1.0
484,208046801010007,0804680101,7,104378.7,PNX,0.018923042,0.9650088,1.0,1.0
485,206733101010011,0821800201,16,118546.6,PNU,0.014873196,0.928825,1.0,1.0
486,201645607010068,0824450501,28,77991.16,PNX,0.020547576,0.91889036,0.999943,0.99936205
487,207611001010228,0790380601,99,116694.1,PNX,0.010912403,0.9336263,1.0,0.96374226
488,201084602010036,0723801601,40,79643.17,PNS,0.013694601,0.9308435,1.0,1.0
489,202038101010086,0300270201,86,76070.78,PNS,0.016620085,0.9259052,1.0,0.9999974
490,201080604010030,0555780601,5,90178.4,PNX,0.016560338,0.971556,1.0,1.0
491,205042601010039,0761550201,18,80739.44,PNX,0.016106088,0.9058884,1.0,0.9991353
492,202038101010045,0300270201,84,75683.38,PNS,0.013962057,0.9259052,1.0,0.9999931
493,202055903010097,0505140501,74,67685.8,PNX,0.014665325,0.93530214,1.0,1.0
494,201489601010052,0148960101,43,55746.7,PNS,0.013066374,0.9592243,1.0,1.0
495,208106001010033,0810600101,33,60828.13,PNX,0.010771001,0.90332204,0.959622,0.9930056
496,207444503010054,0744450301,55,86576.75,PNS,0.01569068,0.9266308,1.0,0.9963259
497,203025001010019,0302500101,19,75918.41,PNX,0.0118771335,0.9468984,0.99999976,0.991226
498,208229601010024,0822960101,24,76427.6,PNS,0.010517361,0.9104927,1.0,1.0
499,208039104010116,0803910401,116,85089.37,PNX,0.011172416,0.966968,1.0,1.0
500,201125219010078,0824610201,107,75645.8,PNS,0.0138419885,0.9494819,1.0,1.0
501,201458001010006,0145800101,6,59995.59,PNU,0.013386354,0.9637703,1.0,0.9996159
502,207611001010122,0790380601,69,116694.1,PNX,0.012070926,0.924839,1.0,0.9835438
503,207611001010077,0790380801,49,129672.5,PNS,0.01027006,0.93847966,1.0,0.99999905
504,201111202015044,0305540701,29,58783.4,PNS,0.013662102,0.95355606,1.0,1.0
505,201122905010030,0500750101,61,65041.59,PNS,0.013782837,0.903167,1.0,1.0
506,205503501010008,0841800201,9,107044.4,PNX,0.02504774,0.9141878,1.0,0.99795604
507,201080604010001,0604960301,1,99410.99,PNS,0.105297185,0.9329004,1.0,1.0
508,208229601010023,0822960201,16,103141.0,PNS,0.010432627,0.9362762,1.0,1.0
509,201490102010015,0149010201,15,54830.72,PNX,0.014664619,0.95309633,1.0,0.9885047
510,201490102010025,0149010201,25,54830.72,PNS,0.010820217,0.95309633,1.0,1.0
511,201645607015123,0824450501,126,77998.95,PNS,0.0152652925,0.97973365,1.0,0.9997129
512,201111202010030,0305540701,31,58786.0,PNS,0.011072709,0.9165678,1.0,0.99999917
513,201480905010018,0744600101,4,96158.4,PNX,0.016623836,0.94672227,1.0,0.99552226
514,206049603010097,0604960301,90,99382.38,PNS,0.01212546,0.95491964,0.99999845,1.0
515,203002702010045,0300270201,46,76070.77,PNX,0.019072888,0.90533835,0.9999993,0.9912282
516,201080606010147,0604960301,102,99400.6,PNX,0.013045831,0.98645055,1.0,1.0
517,201489601010074,0148960101,77,55746.7,PNS,0.012220809,0.98370576,1.0,1.0
518,201125506010017,0761630201,24,94888.71,PNS,0.019128364,0.9051832,1.0,1.0
519,206533201010047,0653320101,52,83340.4,PNS,0.017935937,0.9050503,1.0,0.9998185
520,201010401010028,0831790601,11,81793.4,PNS,0.010209924,0.93748987,1.0,1.0
521,206010101010022,0844860701,40,92557.39,PNX,0.011401684,0.92415524,1.0,1.0
522,206010101010008,0844860701,12,92557.39,PNX,0.017898377,0.933477,0.9979517,0.99922407
523,202039001010013,0203900101,13,88866.33,PNS,0.0122489855,0.95109487,1.0,1.0
524,201490102010022,0149010201,22,54830.72,PNS,0.011186013,0.96150905,1.0,1.0
525,201042601010086,0824450501,69,77998.95,PNS,0.017363438,0.93481416,1.0,0.9999999
526,207903805010109,0790380501,109,109917.6,PNX,0.015720565,0.9326922,1.0,0.9999783
527,200943808010015,0790380801,35,129659.0,PNX,0.01019128,0.93926924,0.9999999,1.0
528,200563401010020,0502120101,19,90157.6,PNS,0.011895634,0.9419901,1.0,1.0
529,203002702010040,0300270201,42,76070.77,PNX,0.017126922,0.9400372,1.0,0.99983215
530,207619205010028,0761920501,29,55938.98,PNX,0.015732639,0.9457805,1.0,1.0
531,200823401010005,0203560201,13,69368.86,PNS,0.012486386,0.9632198,1.0,1.0
532,201010401010086,0741280201,45,86239.4,PNS,0.011373827,0.9411677,1.0,0.97514445
533,207616303010057,0761630301,69,90389.0,PNX,0.012859061,0.9269289,1.0,1.0
534,207615501010139,0761550201,55,80729.04,PNS,0.010135413,0.9616985,1.0,1.0
535,201489601010112,0148960101,110,55746.7,PNS,0.011738052,0.97395635,1.0,1.0
536,203025001010012,0302500101,13,75918.41,PNS,0.017118612,0.95517135,0.9993888,0.9981129
537,201125506010017,0761630101,23,101118.4,PNS,0.014220122,0.93651927,1.0,1.0
538,208236801010102,0831790701,66,102415.7,PNS,0.010113314,0.9061226,1.0,0.9967525
539,207409601010096,0831790701,119,102408.8,PNS,0.011870358,0.93539506,1.0,0.99531823
540,202039001010001,0203900101,1,88889.55,PNX,0.04960951,0.941339,1.0,1.0
541,208042402010007,0804240201,7,53263.6,PNS,0.012103344,0.9685083,1.0,1.0
542,200813408010096,0803910401,106,85089.37,PNX,0.011023344,0.9519367,1.0,1.0
543,207843302010055,0784330201,55,82923.59,PNX,0.011514313,0.9316271,0.997326,0.9854837
544,208404401010033,0840440201,37,68727.0,PNX,0.01097454,0.9339061,0.9999999,0.9996113
545,201010401010077,0741280201,30,86239.4,PNX,0.011635131,0.9200712,1.0,1.0
546,207252401010089,0761550201,40,80729.04,PNS,0.010507196,0.9471986,1.0,1.0
547,200709401010012,0782650101,20,92069.16,PNX,0.010671476,0.9527038,1.0,0.999969
548,207838901010006,0783890101,7,75076.24,PNS,0.019694513,0.9116769,0.99997926,1.0
549,207413002010010,0741300201,9,103461.8,PNS,0.013498578,0.9011633,1.0,1.0
550,207446001010038,0744600101,43,96178.23,PNX,0.012667643,0.92375755,1.0,1.0
551,203002702010091,0300270201,93,76070.77,PNS,0.0147693725,0.9400372,1.0,0.9993575
552,201092707010060,0763120201,34,68949.05,PNX,0.016537126,0.91386926,0.94490194,1.0
553,207409601010109,0864330101,152,76210.58,PNS,0.0132147875,0.9279766,0.9996886,0.96952224
554,203025001010034,0302500101,34,64159.29,PNS,0.011974683,0.93853825,1.0,1.0
555,201241001010041,0852980201,25,56692.37,PNX,0.011301403,0.9160218,1.0,0.9872313
556,207216201010066,0761920901,43,51573.6,PNS,0.0102799125,0.91541815,1.0,0.9999471
557,206944403010030,0761550201,62,80729.04,PNS,0.010883698,0.9073553,1.0,1.0
558,208046801010006,0804680101,6,94323.54,PNS,0.026312787,0.94894356,1.0,1.0
559,208043010010098,0804301001,98,77617.77,PNS,0.011071019,0.90274626,1.0,0.992031
560,208043010010105,0804301001,105,77617.77,PNX,0.010051268,0.94662786,1.0,0.9982973
561,204035701010018,0803080301,17,113200.7,PNS,0.012892949,0.9227761,1.0,1.0
562,207640101010052,0764010101,52,73392.3,PNS,0.013363457,0.96527493,1.0,0.9264167
563,201080604010018,0604960301,39,99410.99,PNS,0.013113644,0.9739502,1.0,1.0
564,207444503015040,0744450301,41,94746.4,PNX,0.014896153,0.93511623,0.9999976,0.9997975
565,202039001010021,0203900101,22,76257.38,PNS,0.013759765,0.96135104,1.0,1.0
566,202040401010082,0204040301,87,57700.89,PNX,0.010695153,0.9427097,0.99999905,0.9980627
567,206944403010017,0761550201,24,80739.45,PNX,0.0108329095,0.95565796,1.0,1.0
568,201010401010008,0741280201,13,86241.99,PNS,0.013672228,0.9441711,1.0,1.0
569,201489601010030,0148960101,30,55796.05,PNX,0.020222018,0.9592243,1.0,1.0
570,201489601010006,0148960101,6,55746.7,PNS,0.024972219,0.9342168,1.0,1.0
571,207631202010030,0763120201,30,68949.05,PNX,0.01592932,0.9208259,1.0,1.0
572,201259601010131,0152020101,196,71536.36,PNU,0.01136788,0.9514528,1.0,0.9961932
573,205503501010023,0841800201,14,113690.3,PNX,0.010814865,0.90249217,1.0,0.9999994
574,200813408010083,0803910401,87,85115.38,PNS,0.0105323205,0.944989,1.0,1.0
575,208039104010056,0803910401,56,85089.37,PNX,0.01168125,0.9434595,1.0,1.0
576,201122802010010,0824450201,23,84975.8,PNX,0.015443689,0.9224428,1.0,0.9999597
577,201042601010095,0824450501,24,77998.95,PNX,0.020199623,0.93481416,1.0,1.0
578,208627305010006,0862730501,6,65014.2,PNX,0.013507655,0.9474268,1.0,1.0
579,202039001010007,0203900101,6,88848.15,PNX,0.01540389,0.941339,1.0,1.0
580,203002702010060,0300270201,66,76070.78,PNS,0.014952968,0.91830856,0.99999976,0.9998518
581,201010401010017,0741280201,39,86252.4,PNS,0.010602251,0.9411677,1.0,1.0
582,203004802010020,0761500201,26,72408.98,PNX,0.011784387,0.9208163,1.0,0.9777803
583,207444503010026,0744450301,28,86576.75,PNS,0.02069772,0.90601057,0.99942917,0.99857724
584,201481701010031,0148170101,35,67711.02,PNX,0.011122841,0.9710123,1.0,1.0
585,201128002010025,0791010301,27,63973.0,PNS,0.013685155,0.94139045,1.0,1.0
586,208009712010013,0800971201,13,54415.38,PNS,0.012923091,0.95109487,1.0,0.98677933
587,201080604010006,0604960301,6,99400.6,PNX,0.025409037,0.97391075,1.0,1.0
588,200669401010092,0501790101,21,107920.8,PNX,0.01567374,0.9141598,1.0,1.0
589,207619209010061,0761920901,61,51573.6,PNS,0.011667239,0.91541815,1.0,0.99996436
590,207216201010071,0761920901,66,51576.18,PNS,0.011086182,0.91608894,0.9897126,1.0
591,201490102010010,0149010201,10,54750.16,PNS,0.01905077,0.93853825,1.0,1.0
592,208039104010058,0803910401,58,85089.38,PNS,0.012205732,0.9386991,1.0,1.0
593,201122802010052,0824450201,45,84975.8,PNS,0.010668241,0.9367995,0.9999999,0.99997246
594,206935202010011,0693520201,11,104400.0,PNS,0.011016441,0.92995626,1.0,1.0
595,201042601010030,0824450501,72,77993.75,PNS,0.012547858,0.9586043,1.0,1.0
596,206031901010015,0770180801,7,71059.26,PNS,0.042010456,0.96289384,1.0,1.0
597,205042601010074,0761550201,75,80705.64,PNS,0.010337051,0.9549006,1.0,0.99999905
598,201489601010019,0148960101,19,55746.7,PNX,0.016641114,0.983563,1.0,0.9694184
599,201092703010003,0763120401,7,79427.37,PNS,0.015178476,0.9517684,1.0,1.0
600,207216002010013,0721600201,13,102007.9,PNS,0.01100035,0.9097283,1.0,0.9970456
601,201481701010022,0148170101,22,67711.02,PNX,0.014126906,0.95766026,1.0,1.0
602,206939901010022,0693990301,10,78761.79,PNS,0.010506942,0.95369285,1.0,1.0
603,201109504010038,0841481401,24,83115.55,PNX,0.0107451305,0.9254368,1.0,1.0
604,207611001010041,0790380801,26,97962.48,PNX,0.019234048,0.94509846,1.0,1.0
605,208440201010018,0844020101,18,62642.97,PNX,0.0140138995,0.9127327,1.0,1.0
606,201084602010042,0723801601,29,79643.17,PNX,0.015211566,0.9308435,1.0,0.9999976
607,201473301010097,0723801601,69,79621.56,PNS,0.011766559,0.9471473,0.9999999,0.99520016
608,207446001010030,0744600101,32,88632.0,PNX,0.010494238,0.9411677,1.0,0.9872082
609,206944403010020,0761550201,21,80729.04,PNX,0.011567306,0.9234422,1.0,1.0
610,202039001010010,0203900101,10,88887.13,PNS,0.010305666,0.935152,1.0,1.0
611,201485605010013,0148560501,13,63357.71,PNU,0.024732856,0.97218883,1.0,0.99997616
612,208039104010017,0803910401,17,85089.38,PNS,0.013255335,0.91426766,1.0,0.99997413
613,207843302010049,0784330201,49,82913.21,PNS,0.011355227,0.9316271,1.0,0.9538951
614,207903806010135,0790380601,135,84746.24,PNX,0.012051293,0.9254368,1.0,0.94638085
615,201010401010072,0741280201,72,86239.4,PNS,0.011507768,0.9543079,1.0,1.0
616,202038101010078,0300270201,69,76070.74,PNS,0.015755799,0.94390935,1.0,0.9841547
617,201080605010115,0604960301,57,99400.6,PNS,0.014450983,0.9762288,1.0,1.0
618,201129705010035,0202670501,80,73697.09,PNX,0.019581852,0.9103135,1.0,1.0
619,201513701010045,0505140501,46,67685.8,PNX,0.015201733,0.9582023,1.0,1.0
620,202001301010074,0761630301,78,90376.0,PNS,0.013217712,0.91541815,0.99998164,0.9976763
621,201010401010054,0741280201,12,86239.4,PNS,0.013748899,0.9132924,1.0,0.9705696
622,201128002010010,0791010101,17,120543.8,PNX,0.011519235,0.92049325,1.0,1.0
623,201080604010045,0555780401,25,86410.39,PNS,0.011141247,0.9442693,1.0,0.9972869
624,200669401010002,0501790101,2,107918.2,PNU,0.11446338,0.99380034,1.0,1.0
625,208229601010054,0822960101,54,76427.6,PNX,0.010363561,0.959158,1.0,1.0
626,201099803015058,0761550201,14,80705.64,PNX,0.013351155,0.9549006,1.0,0.99999654
627,208046801010022,0804680101,22,94324.02,PNS,0.013565121,0.9728545,1.0,1.0
628,200813408010033,0803910401,13,85115.38,PNS,0.018754696,0.9234422,1.0,0.9999999
629,208244505010052,0824450501,52,77996.35,PNS,0.017867442,0.93481416,0.9999883,0.9999995
630,201239001010034,0147800101,12,101317.3,PNX,0.014811613,0.9606714,1.0,1.0
631,201010401010033,0741280201,15,86268.0,PNS,0.013884073,0.9543079,1.0,1.0
632,206533201010054,0653320101,43,83340.4,PNS,0.015588882,0.9544016,1.0,0.99998
633,201485605010025,0148560501,24,63331.74,PNU,0.01733818,0.9722879,0.99999976,0.99899596
634,201489601010109,0148960101,105,55746.7,PNX,0.011356554,0.983563,1.0,1.0
635,201080604010089,0604960301,95,99400.6,PNS,0.013965955,0.9851141,1.0,1.0
636,207226702010010,0761630301,65,90389.0,PNS,0.012679338,0.9496613,1.0,1.0
637,201010401010046,0741280201,59,86262.8,PNX,0.011358758,0.95859617,1.0,1.0
638,208112101010066,0811212701,65,71059.67,PNX,0.014781423,0.9022228,0.9997383,0.9989932
639,208627302010052,0862730601,25,65708.88,PNS,0.010247804,0.9651387,1.0,1.0
640,207843302010046,0784330201,46,82902.8,PNS,0.011589368,0.9316271,1.0,0.98370636
641,206031901010020,0770180801,15,71020.27,PNS,0.011755799,0.94046414,1.0,1.0
642,208440201010002,0844020101,2,70263.57,PNS,0.024229426,0.94103074,1.0,1.0
643,201259601010079,0152020101,109,71585.79,PNU,0.01129575,0.94342947,1.0,0.98938423
644,201092707010016,0763120201,26,68938.62,PNS,0.014271874,0.9048343,1.0,1.0
645,208448601010099,0844860601,80,75830.48,PNS,0.010483104,0.92572135,0.99999654,0.9788551
646,203025001010001,0302500101,1,75947.01,PNS,0.055917483,0.9431342,0.99999976,1.0
647,207216201010054,0761920901,38,51596.98,PNX,0.01115717,0.9877394,1.0,0.99977285
648,203002702010062,0300270201,62,76070.74,PNX,0.01568501,0.9400372,1.0,0.9996264
649,208039104010111,0803910401,111,85115.38,PNS,0.011759978,0.93582195,1.0,1.0
650,205560301010020,0651610101,11,84332.83,PNX,0.014106011,0.9329104,1.0,1.0
651,208112101010067,0811212701,78,71054.48,PNX,0.017618919,0.93665004,0.99981314,0.9982078
652,201042601010097,0824450501,134,77998.95,PNS,0.015227043,0.93708587,1.0,1.0
653,206569901010051,0790380501,31,109909.5,PNX,0.014629868,0.9636452,1.0,0.91104835
654,201122905010039,0500750101,24,65036.39,PNX,0.01687062,0.90301204,1.0,0.99949825
655,207277801010045,0790380801,47,97962.48,PNS,0.0103912335,0.93138105,1.0,0.99995315
656,202045002010014,0502140101,80,77974.99,PNX,0.010613376,0.9658709,1.0,1.0
657,201010401010051,0741280201,40,86239.4,PNS,0.012197149,0.9622849,1.0,1.0
658,201129721010088,0202670701,111,110271.2,PNX,0.010085133,0.91458917,1.0,1.0
659,201128002010014,0791010301,21,63944.39,PNX,0.014454482,0.9422898,1.0,1.0
660,207409601010041,0831790701,54,102408.8,PNS,0.012877018,0.95258474,1.0,0.9981858
661,201042601010116,0824450501,87,78006.75,PNS,0.012855593,0.91078395,1.0,0.9278593
662,201122905010025,0500750101,54,65036.39,PNS,0.01455695,0.90301204,1.0,0.99944144
663,201480905010011,0744600101,9,96149.62,PNX,0.01486572,0.9411677,1.0,0.9999995
664,207444503010020,0744450301,21,94746.4,PNS,0.014141497,0.9057866,0.99999845,0.9999294
665,203003102010048,0500500701,33,82467.94,PNX,0.010306292,0.96155953,1.0,0.9942008
666,201259601010067,0152020101,73,71536.36,PNX,0.014068953,0.96361744,1.0,0.99625117
667,201080604010004,0604960301,21,99400.6,PNX,0.015510474,0.97141516,1.0,1.0
668,206533201010055,0653320101,82,83348.2,PNS,0.012597618,0.9059146,0.9999889,0.99912256
669,201080604010030,0604961201,5,112827.0,PNS,0.017053645,0.9703757,1.0,1.0
670,207420501010026,0742050101,27,106766.4,PNS,0.012527842,0.9420772,1.0,0.9999654
671,201068601010015,0764770101,27,66693.73,PNX,0.010319069,0.9557796,1.0,1.0
672,201125506010063,0761630301,120,90334.4,PNX,0.013031655,0.9292752,0.9947372,0.9997687
673,201092703010007,0763120401,6,79378.0,PNS,0.015970321,0.95694834,1.0,1.0
674,206928402015011,0692840301,24,115987.9,PNX,0.012293384,0.91327846,1.0,1.0
675,208019505010020,0801950401,16,101233.1,PNX,0.01304949,0.95863044,1.0,0.9881455
676,208627302010049,0862730601,15,65690.32,PNS,0.010517647,0.9653863,1.0,1.0
677,208627305010013,0862730501,13,65024.58,PNU,0.012226338,0.90418607,1.0,0.9999567
678,201111202010026,0305540701,14,58783.4,PNS,0.16007288,0.9958384,1.0,1.0
679,205538501010016,0653320101,13,83340.4,PNS,0.01907102,0.9050503,1.0,0.9999989
680,208003801010034,0800380101,34,76532.73,PNX,0.0120899575,0.92576873,1.0,0.9996685
681,201473301010071,0723801601,32,79643.17,PNS,0.013890161,0.9442693,1.0,0.9997532
682,201080606010030,0555780401,12,86410.39,PNS,0.01662966,0.92044055,1.0,0.9975426
683,201458001010016,0145800101,17,60003.4,PNU,0.01002421,0.90433013,1.0,0.95134586
684,203040501010061,0304050101,59,50076.75,PNS,0.010442005,0.9407839,1.0,0.99986744
685,201489601010075,0148960101,68,55796.05,PNS,0.012863313,0.9592243,1.0,1.0
686,201490102010024,0149010201,23,54757.95,PNX,0.010010443,0.9759734,1.0,1.0
687,203002702010043,0300270201,45,75903.66,PNS,0.016539415,0.9141598,0.9993801,0.999863
688,201485605010026,0148560501,25,63355.13,PNU,0.011353466,0.9460684,1.0,0.9247656
689,201080606010030,0555780101,12,101492.5,PNS,0.011141859,0.92032915,1.0,0.99999964
690,201489601010041,0148960101,41,55809.08,PNS,0.014628595,0.97606814,1.0,1.0
691,201080604010017,0604960301,10,99382.38,PNX,0.022556223,0.9762288,1.0,1.0
692,208046801010010,0804680101,10,104378.7,PNS,0.014056602,0.9650088,1.0,1.0
693,201125219010085,0824610201,60,77840.56,PNS,0.014338691,0.9299718,1.0,1.0
694,208627302010069,0862730601,90,65703.68,PNS,0.010163978,0.94502896,1.0,0.9999988
695,208244505010117,0824450501,117,77998.95,PNX,0.0152854435,0.93708587,1.0,1.0
696,204105804010033,0784860101,18,89168.62,PNS,0.013100766,0.905155,0.9999993,0.9851992
697,207238016010018,0723801601,18,79193.36,PNX,0.012866005,0.9176305,1.0,0.930903
698,201513701010043,0505140501,41,67696.2,PNX,0.014385774,0.91023666,1.0,0.9802846
699,207610701010043,0761070101,42,74180.0,PNS,0.010597973,0.94930255,1.0,0.9991091
700,201092707010075,0763120201,80,68949.05,PNS,0.015125735,0.97682196,1.0,0.96693337
701,201125506010067,0761630301,80,90347.4,PNX,0.015936213,0.9643189,0.99821377,0.9995351
702,201239001010012,0147800101,10,101319.0,PNS,0.01772065,0.950944,1.0,1.0
703,201502801010010,0764770101,15,66657.34,PNX,0.0140960505,0.9541554,1.0,1.0
704,201128002010038,0791010301,26,63973.0,PNS,0.01282965,0.9549006,1.0,1.0
705,208019505010034,0801950401,27,101233.1,PNX,0.010045401,0.96896845,1.0,0.99996495
706,207838901010014,0783890101,14,75076.24,PNX,0.018379878,0.9116769,1.0,1.0
707,201126101010008,0745110601,5,93551.4,PNX,0.022365008,0.92364186,1.0,1.0
708,208039104010046,0803910401,46,85110.17,PNX,0.012406654,0.95300126,1.0,1.0
709,208039104010092,0803910401,92,85089.37,PNS,0.011679062,0.91426766,1.0,0.9999999
710,208003801010044,0800380101,44,92357.16,PNX,0.010062289,0.95401675,1.0,0.99997425
711,201485605010034,0148560501,35,63355.12,PNU,0.010961497,0.9566626,1.0,0.9999813
712,201489601010032,0148960101,33,55790.88,PNX,0.017713469,0.9675058,1.0,1.0
713,200773401010052,0555630401,98,103093.7,PNX,0.013977353,0.92593455,1.0,1.0
714,207619209010081,0761920901,89,51573.6,PNS,0.011189841,0.9578501,0.99886,1.0
715,207619205010025,0761920501,26,55937.25,PNS,0.013549204,0.9309431,1.0,1.0
716,201113501010124,0202670501,114,73494.28,PNX,0.016675167,0.91246396,1.0,1.0
717,201080604010088,0604960301,28,99382.38,PNX,0.013145138,0.968597,1.0,1.0
718,206005406010133,0741280201,96,86241.99,PNS,0.01057209,0.9441711,1.0,1.0
719,204050901010114,0803990501,80,85056.4,PNS,0.012220803,0.9317092,1.0,0.98068446
720,201080604010006,0555780401,6,86434.4,PNX,0.019744776,0.9056486,1.0,0.9998983
721,201080604010023,0604960901,6,80311.38,PNS,0.013602992,0.93230695,1.0,1.0
722,203004802010018,0761500201,34,56048.89,PNS,0.01291721,0.9321913,1.0,0.99763787
723,200813408010051,0803910401,51,85089.37,PNS,0.011594488,0.93582195,1.0,1.0
724,208039104010148,0803910401,148,85110.17,PNX,0.012861705,0.93990374,0.99972075,0.99999714
725,207611001010044,0790380501,65,77654.91,PNX,0.017036436,0.9189361,0.99999976,0.9998623
726,203040501010024,0304050101,24,50107.96,PNX,0.013391926,0.9422299,1.0,0.98131645
727,207216201010044,0761920901,36,51576.18,PNX,0.013183503,0.9578501,0.9999708,1.0
728,207619205010045,0761920501,46,55879.19,PNX,0.010302074,0.9309431,1.0,0.99994636
729,207703803010015,0781760101,14,72207.2,PNS,0.010496817,0.9120609,1.0,1.0
730,207216201010110,0761920901,46,51573.6,PNX,0.011324152,0.97730756,0.99666154,1.0
731,201129707010079,0402430301,108,79755.01,PNX,0.01066078,0.95309633,1.0,0.9997278
732,207812103010009,0781210301,9,66188.26,PNS,0.0162506,0.94336945,1.0,1.0
733,201490102010016,0149010201,16,54833.35,PNS,0.01189437,0.96289384,1.0,1.0
734,200813408010037,0803910401,60,85089.37,PNS,0.012161677,0.9473798,0.99999976,1.0
735,201042601010079,0824450501,139,77998.95,PNX,0.0156869,0.90231436,1.0,1.0
736,208244505010064,0824450501,64,77996.35,PNS,0.012663531,0.93481416,1.0,1.0
737,201111202010050,0305540701,34,58783.4,PNS,0.011629172,0.9395429,1.0,1.0
738,201092707010039,0763120201,39,68925.55,PNS,0.012713672,0.9208259,1.0,0.99999094
739,207252401010059,0761550201,41,80729.04,PNX,0.010549207,0.947404,1.0,0.9999838
740,205042601015090,0761550201,53,80739.44,PNS,0.011115354,0.947404,1.0,1.0
741,207616303010189,0761630301,190,90363.0,PNX,0.011045734,0.9230141,1.0,1.0
742,200669401010075,0501790101,15,107928.6,PNX,0.032893494,0.9716361,1.0,1.0
743,203025001010020,0302500101,20,75947.01,PNS,0.016194541,0.95517135,1.0,1.0
744,207619205010022,0761920501,22,55938.98,PNX,0.021462359,0.96502507,1.0,1.0
745,202039001010019,0203900101,19,88889.55,PNX,0.011300956,0.9691724,1.0,1.0
746,208019505010033,0801950401,25,101267.0,PNX,0.010227574,0.96285206,1.0,0.9999999
747,201042601010053,0824450501,157,66812.61,PNX,0.010973649,0.9666758,1.0,0.9951971
748,201503501010059,0784330201,43,82913.22,PNX,0.0116558615,0.9316271,1.0,0.999495
749,201111202010007,0305540701,20,58775.6,PNX,0.036714226,0.93164355,0.9999994,0.98805076
750,201084602010014,0723801601,22,79643.17,PNX,0.012453235,0.9127999,1.0,1.0
751,207631201010101,0763120201,67,68949.05,PNS,0.014376361,0.9343255,1.0,1.0
752,203002405010009,0694170101,6,113348.4,PNS,0.015129108,0.95356333,1.0,1.0
753,201080604010032,0604960301,30,99410.99,PNS,0.013072021,0.9686414,1.0,1.0
754,207444503010123,0744450301,105,94746.4,PNS,0.013389785,0.91774684,0.9999994,0.99999416
755,201489601010028,0148960101,28,55746.7,PNX,0.015594864,0.967282,1.0,1.0
756,204025610010048,0763120201,32,68936.03,PNX,0.0117826685,0.92799234,0.999987,0.99989986
757,203025001010010,0302500101,10,75939.22,PNS,0.01818972,0.9590457,1.0,1.0
758,201126101010011,0745110301,15,62312.47,PNX,0.014631879,0.93154514,1.0,1.0
759,200813408010016,0803910401,21,85115.39,PNX,0.0152699975,0.93990374,1.0,1.0
760,208039104010072,0803910401,72,85094.58,PNS,0.01008954,0.9336076,1.0,1.0
761,206733101010017,0821800201,26,118536.2,PNU,0.010458365,0.928825,1.0,1.0
762,208404401010053,0840440201,27,68724.43,PNX,0.010527787,0.9339061,1.0,0.9998037
763,206556701010067,0784860101,94,89168.62,PNX,0.014329048,0.916927,1.0,0.938073
764,208449301010024,0844930101,24,71318.0,PNX,0.0109025715,0.92044055,1.0,1.0
765,207623601010003,0762360101,2,74695.38,PNS,0.024122955,0.93660027,1.0,1.0
766,201125506010040,0761630201,28,94888.71,PNX,0.019921316,0.94282967,1.0,0.9999895
767,207252401010064,0761550201,30,80739.45,PNX,0.010164398,0.95565796,1.0,1.0
768,202012701010038,0201270101,28,52322.4,PNX,0.027219335,0.919839,1.0,1.0
769,207252401010047,0761550201,26,80690.04,PNS,0.010183185,0.9234422,1.0,1.0
770,203002702010053,0300270201,55,76070.77,PNS,0.015724614,0.9189361,0.9984932,0.9998018
771,201489601010099,0148960101,104,55746.7,PNS,0.011754565,0.9589692,1.0,0.9967141
772,206010101010042,0844860701,15,92557.39,PNS,0.018058114,0.92087,0.9999224,0.99998116
773,208236801010084,0831790701,100,102415.7,PNS,0.010750658,0.91700625,1.0,0.99499196
774,201080604010011,0604960301,13,99410.99,PNS,0.023782626,0.9686414,1.0,1.0
775,207216201010045,0761920901,24,51573.6,PNX,0.012112488,0.9578501,0.9980128,1.0
776,201122802010035,0824450201,40,84994.0,PNS,0.0112816775,0.9244402,0.9999808,0.9943627
777,207643702010057,0764370201,73,63082.38,PNS,0.0110027725,0.91004455,1.0,0.9918873
778,201010401010026,0741280201,19,86262.8,PNX,0.015260331,0.9444328,1.0,0.994726
779,201080604010003,0604960901,7,80277.58,PNX,0.013346517,0.93253815,1.0,0.9994869
780,205557801010075,0604960301,73,99382.38,PNS,0.010444657,0.9762288,1.0,1.0
781,201489601010054,0148960101,51,55796.05,PNX,0.010135556,0.97415054,1.0,1.0
782,203004803010087,0761500201,54,72389.19,PNX,0.011334215,0.92094153,1.0,0.99787056
783,207409601010149,0831790701,91,102408.8,PNS,0.010981443,0.90679497,1.0,0.99999774
784,201068601010017,0803990301,4,98109.76,PNX,0.06164706,0.9673939,1.0,1.0
785,201080604010002,0604960301,2,99392.78,PNX,0.071417294,0.96560794,1.0,1.0
786,207812103010005,0781210301,5,66177.83,PNS,0.02951489,0.92144233,1.0,1.0
787,207444002010039,0744400201,39,58889.99,PNX,0.010393684,0.93853825,1.0,0.999997
788,202038101010029,0300270201,26,76070.78,PNX,0.017806327,0.9142857,1.0,0.98689693
789,208039104010085,0803910401,85,85089.37,PNS,0.012076427,0.92101306,1.0,1.0
790,204008002010038,0840580401,32,105372.8,PNX,0.010077956,0.91742945,1.0,0.99999
791,206569901010012,0790380801,10,109618.4,PNS,0.024766438,0.90130717,0.9999919,0.9998258
792,207216201010057,0761920901,26,51573.6,PNX,0.011111676,0.91541815,0.99980086,0.9999913
793,201513701010044,0505140501,59,67696.2,PNX,0.012617044,0.93530214,1.0,1.0
794,201480901010013,0744600101,13,88632.0,PNX,0.011336199,0.95637846,1.0,1.0
795,201527802010016,0152780201,18,60650.94,PNS,0.011137695,0.94336945,0.9999703,0.960572
796,200563401010015,0502120101,15,90147.2,PNX,0.014654722,0.9226928,1.0,1.0
797,201481701010032,0148170101,29,67711.02,PNX,0.012255743,0.96668875,1.0,0.9959967
798,208317907010157,0831790701,157,102428.7,PNS,0.01096387,0.91764104,0.9984469,0.9996773
799,208039104010057,0803910401,57,85089.38,PNS,0.012620794,0.95300126,1.0,1.0
800,202124802010107,0824450501,94,77991.16,PNS,0.014932376,0.92634153,1.0,1.0
801,208627305010012,0862730501,12,65024.58,PNU,0.012297405,0.90418607,1.0,1.0
802,206719301010008,0671930101,8,107380.0,PNX,0.022465391,0.9159212,0.95734966,1.0
803,205557801010078,0604960301,99,99382.38,PNS,0.010137444,0.983648,1.0,1.0
804,203029001010045,0500750101,51,65062.39,PNS,0.012280486,0.93085545,0.9999951,1.0
805,207412802010083,0741280201,79,86239.4,PNS,0.012307826,0.93770903,1.0,1.0
806,201066601010009,0106660601,8,92251.09,PNX,0.014564867,0.9223659,1.0,1.0
807,202001301010065,0761630201,43,94828.89,PNS,0.013004398,0.94282967,1.0,1.0
808,201239001010019,0147800101,19,101313.8,PNS,0.013378824,0.9244402,1.0,1.0
809,207616301010145,0761630301,123,90376.0,PNX,0.015181345,0.9230141,1.0,1.0
810,201481701010042,0148170101,46,67711.02,PNS,0.010905517,0.9649438,1.0,0.9997603
811,208042402010006,0804240201,6,53235.0,PNS,0.010522041,0.93660027,1.0,1.0
812,200813408010039,0803910401,67,85110.17,PNX,0.010660771,0.9287473,1.0,0.9999994
813,208039104010089,0803910401,89,85089.37,PNS,0.012909014,0.94653386,1.0,0.9999999
814,201122802010032,0824450201,37,84994.0,PNS,0.011070578,0.9224428,0.99741423,0.99975973
815,208235803010011,0823580301,11,112454.3,PNX,0.015169222,0.9560417,1.0,1.0
816,208627302010016,0862730601,13,65708.88,PNS,0.012453124,0.95565796,1.0,1.0
817,207277801010041,0790380801,84,129645.5,PNS,0.010128263,0.93830395,0.9999931,0.99999416
818,201084602010056,0723801601,44,79307.76,PNX,0.0145442085,0.93334633,0.9963014,0.9980496
819,207446001010021,0744600101,25,88632.0,PNX,0.010772318,0.9015441,1.0,0.9144036
820,206010101010056,0844860701,76,92541.77,PNS,0.010058635,0.94336945,1.0,0.99995065
821,207216201010023,0761920901,15,51604.78,PNS,0.016530843,0.9620452,0.9999993,0.9882868
822,208405803010017,0840580401,19,105372.8,PNS,0.010745047,0.90521234,0.9999999,0.9604043
823,208627302010003,0862730601,4,65692.94,PNS,0.024229625,0.9653863,1.0,1.0
824,201042601010028,0824450501,27,77998.95,PNS,0.017601278,0.9077587,1.0,0.9897237
825,207843302010066,0784330201,66,82923.59,PNX,0.011553091,0.9197053,1.0,0.9870819
826,207611001010149,0790380601,116,84747.37,PNS,0.013459446,0.91499436,1.0,0.9899441
827,201111202010048,0800031001,3,82138.05,PNU,0.11135677,0.9926191,1.0,1.0
828,206048602010009,0604860401,4,114279.8,PNS,0.035160065,0.90668297,1.0,1.0
829,202038101010063,0300270201,94,76070.77,PNX,0.01677862,0.9438336,0.9999995,0.99970776
830,206944403010022,0761550201,33,80726.45,PNX,0.01027655,0.95565796,1.0,1.0
831,201100113010071,0504810301,82,69002.52,PNU,0.013731199,0.9058425,1.0,1.0
832,201481701010014,0148170101,13,67711.02,PNX,0.018719885,0.9377761,1.0,1.0
833,201080606010066,0604960301,74,99382.38,PNX,0.011067463,0.98027736,1.0,1.0
834,205042601010018,0761550201,8,80739.44,PNX,0.031040033,0.90625507,1.0,0.9999087
835,207277801010019,0790381401,12,99516.3,PNX,0.016277768,0.9351248,1.0,1.0
836,203002702010036,0300270201,36,76070.77,PNX,0.017743839,0.9438336,1.0,1.0
837,201126101010015,0745110301,8,62312.28,PNS,0.023069259,0.93154514,1.0,1.0
838,208627302010008,0862730601,7,65708.88,PNS,0.020443607,0.9244402,1.0,1.0
839,208627302010024,0862730601,24,65692.94,PNS,0.010218033,0.98703766,1.0,1.0
840,201478001010018,0147800101,18,101329.3,PNX,0.010756825,0.9691148,1.0,1.0
841,206935202010013,0693520201,14,104353.1,PNS,0.012344758,0.96496814,1.0,1.0
842,207216201010084,0761920901,59,51573.6,PNX,0.0101367915,0.97730756,1.0,1.0
843,204049674010014,0742430301,28,66414.4,PNX,0.013282664,0.9079604,0.9999993,0.98880833
844,207444002010031,0744400201,30,58856.18,PNX,0.0109338155,0.91742945,0.9999491,0.9999895
845,206049603010121,0604960301,121,99392.78,PNS,0.011780081,0.97701204,1.0,1.0
846,202039001010003,0203900101,3,88889.55,PNS,0.039935317,0.9565259,1.0,1.0
847,203004802010012,0761500201,22,56046.67,PNX,0.014460128,0.9208163,1.0,0.99772304
848,208039104010083,0803910401,83,85110.17,PNS,0.012773712,0.93990374,0.99999774,0.99999976
849,208627302010026,0862730601,30,65690.64,PNS,0.010607189,0.97876143,1.0,1.0
850,201042601010122,0824450501,98,77993.75,PNS,0.013115576,0.9412705,1.0,0.99883133
851,201042601010131,0824450501,132,77996.35,PNS,0.013396734,0.93481416,1.0,1.0
852,206569901010015,0790380501,21,109917.6,PNU,0.021396328,0.90802765,0.9999269,0.98481804
853,206569901010015,0790380501,21,109917.6,PNX,0.021331454,0.9189361,1.0,0.9991321
854,201111202010030,0800031001,32,82138.03,PNX,0.010346778,0.9037253,1.0,1.0
855,201080604010082,0604960301,108,99400.6,PNS,0.013135711,0.97834533,1.0,1.0
856,207252401010098,0761550201,87,80729.04,PNS,0.010201389,0.9616985,1.0,1.0
857,200563401010022,0502120101,13,90147.2,PNX,0.01706287,0.91246396,1.0,1.0
858,201473301010089,0147330101,88,61692.85,PNX,0.01434547,0.90717196,0.9988784,0.9832576
859,202001301010073,0761630201,51,94828.89,PNX,0.010697081,0.9326922,1.0,1.0
860,207619208010007,0761920801,8,64550.8,PNS,0.019556843,0.9059146,1.0,0.98284894
861,207226702010096,0761630301,72,90363.0,PNS,0.011760194,0.9230141,1.0,1.0
862,201010401010045,0741280201,24,86252.4,PNS,0.010733306,0.9411677,1.0,0.94332796
863,201109903010032,0844860701,46,92531.4,PNS,0.0101847835,0.9454388,1.0,0.99999833
864,206578201010040,0831790701,30,102375.0,PNS,0.014765298,0.9398236,1.0,0.9998313
865,207807601010013,0780760501,10,60663.21,PNX,0.010296401,0.93950266,1.0,0.99999917
866,203025001010008,0302500101,8,75947.01,PNS,0.01851118,0.9694837,1.0,1.0
867,202039001010011,0203900101,11,88887.13,PNX,0.01177016,0.9456572,1.0,1.0
868,208229601010045,0822960101,45,76427.6,PNX,0.011071786,0.9305925,0.99999833,0.99998045
869,202038101010041,0300270201,39,75903.66,PNS,0.019645825,0.9189361,0.99876726,0.9628118
870,207611001010202,0790380501,120,92270.3,PNU,0.012662798,0.9093723,1.0,0.98628634
871,208043010010151,0804301001,151,77617.77,PNS,0.010521649,0.92891234,0.99999964,0.99991953
872,201010401010087,0741280201,81,86262.8,PNX,0.0110238595,0.9200712,1.0,0.99999917
873,205042601010052,0761550201,37,80739.44,PNX,0.010970548,0.9549006,1.0,1.0
874,207252401010071,0761550201,35,80729.04,PNX,0.011054131,0.90625507,1.0,0.99995446
875,202026706015179,0202670701,224,110271.2,PNX,0.010289809,0.9255475,1.0,1.0
876,203029001010046,0500750101,74,65041.59,PNS,0.011946542,0.903167,1.0,0.9994253
877,201092707010118,0763120201,59,68941.21,PNS,0.010153447,0.9326922,1.0,1.0
878,207409601010107,0831790701,99,102428.7,PNS,0.010443588,0.92732614,0.9992366,0.9984701
879,201080604010030,0604960801,3,90217.41,PNU,0.03193205,0.9831678,1.0,1.0
880,208019505010024,0801950401,21,101227.8,PNX,0.010432726,0.9750158,1.0,1.0
881,208039104010042,0803910401,42,85089.37,PNX,0.012975425,0.9634083,1.0,1.0
882,208039104010068,0803910401,68,85089.37,PNS,0.011421862,0.9062692,1.0,1.0
883,207277802010045,0790380501,62,77809.05,PNX,0.019788088,0.91038066,0.9999988,0.9951267
884,201111202010010,0305540701,21,58786.0,PNS,0.025841484,0.901462,1.0,0.93582946
885,208440201010016,0844020101,16,70263.57,PNS,0.011871942,0.96754307,1.0,0.9548456
886,207216201010133,0761920901,102,51573.6,PNS,0.010212751,0.9620452,1.0,0.99998486
887,202039001010009,0203900101,8,88889.55,PNS,0.01266628,0.9135723,1.0,1.0
888,201478001010036,0147800101,45,101313.8,PNS,0.011855531,0.9439893,1.0,1.0
889,207816902010012,0781690201,11,57190.76,PNS,0.010764148,0.95749754,1.0,0.96523386
890,207617305010013,0761730501,14,57806.77,PNS,0.012784265,0.9127327,0.9999999,0.9982899
891,202010902010004,0821240301,3,61985.03,PNX,0.019355554,0.916927,1.0,1.0
892,201080604010032,0555780401,26,86431.79,PNX,0.010120924,0.93308485,1.0,0.9552441
893,208019505010010,0801950401,9,101196.8,PNX,0.015623808,0.94153434,1.0,0.99968684
894,201118001010020,0111800101,20,106760.5,PNS,0.019650232,0.9476094,1.0,1.0
895,201042601010052,0824450501,38,77998.95,PNX,0.016029103,0.92634153,1.0,0.99999964
896,208627305010016,0862730501,16,65024.58,PNX,0.010540291,0.90418607,1.0,1.0
897,201080604010090,0604960301,142,99392.78,PNS,0.013928689,0.9864759,1.0,1.0
898,207444503010037,0744450301,38,94784.2,PNX,0.015547859,0.94772553,0.9999988,0.9989442
899,200563401010048,0502120101,39,90165.41,PNS,0.010464006,0.9590725,1.0,1.0
900,207216201010011,0761920901,13,51573.6,PNS,0.022230301,0.91541815,0.99321586,0.99999404
