SRCID,OBSID,SRC_NUM,EP_ONTIME,INST,PN_RATE,CONF_DT50,CONF_DT250,CONF_DT1000
200813408010091,803910401,82,85115.38,PNX,0.009158355,0.9999914,0.9999988,0.9999293
205560301010021,651610101,34,84332.83,PNS,0.01593566,0.9999156,0.999992,0.99992085
201042601010142,824450501,136,77993.75,PNS,0.01328436,0.9999052,0.9999478,0.9999951
201042601010139,824450501,106,77993.75,PNS,0.0111348,0.999987,0.99999964,0.9999864
207843302010042,784330201,42,82931.41,PNS,0.01078725,0.99991906,0.9999976,0.99912196
207843302010074,784330201,74,82908.01,PNS,0.00995033,0.9999068,0.99999535,0.9995223
207611001010127,790380601,104,96260.79,PNS,0.011236165,0.99998975,0.9999994,0.99933064
207611001010107,790380501,96,77809.05,PNX,0.022069285,0.9999629,0.9999583,0.99920815
201485605010014,148560501,14,63349.92,PNU,0.018089635,0.9998375,0.9999243,0.99931955
203024201010016,302420101,16,79787.31,PNS,0.010623221,0.99925584,0.99996173,0.99990356
201125219010074,824610201,72,77832.77,PNS,0.011214034,0.9998554,0.9999685,0.99998724
201080604010036,555780401,30,86434.4,PNS,0.010876037,0.9999844,0.99995124,0.999918
201092707010049,763120201,56,68949.05,PNX,0.014866912,0.9999355,0.99997365,0.99987006
201080604010081,604960301,52,99400.6,PNX,0.0034161077,0.99999964,0.99999905,0.9999999
202045002010026,502140101,76,77972.37,PNS,0.00993661,0.99984,0.99996984,0.99927896
205032301010068,761620201,61,54129.4,PNX,0.015919942,0.9994856,0.99991214,0.99940956
201010401010011,831790601,3,81751.8,PNX,0.020626742,0.99962604,0.999998,0.99999726
206734901010032,673490101,32,54237.72,PNX,0.013586423,0.9999726,0.9999875,1.0
207413002010019,741300201,19,103461.8,PNX,0.009889911,0.99994576,0.9999963,0.99990904
206049603010063,604960301,63,99392.78,PNS,0.004961192,0.99999917,0.9999987,0.9999857
206567811010005,762750201,5,85677.8,PNS,0.016892737,1.0,1.0,1.0
202038101010034,300270201,63,75683.38,PNS,0.013288858,0.999941,0.9999958,0.99953663
201109504010033,841481401,17,83118.15,PNU,0.010614039,0.9999113,0.99995136,0.9999856
206031901010022,770180601,12,58682.0,PNX,0.012579353,0.9998901,0.9999974,0.99994135
207848601010131,784860101,131,89168.62,PNX,0.012113203,0.99991345,0.99999297,0.99904615
201489601010024,148960101,25,55746.7,PNS,0.01625787,0.99999046,0.99997675,0.99991035
207640101010050,764010101,53,73382.62,PNX,0.015813023,0.9997421,0.999982,0.9992429
201489601010046,148960101,47,55770.04,PNS,0.011331313,0.9999844,0.99999034,0.9999193
202047903010007,652210101,5,108911.4,PNS,0.010354819,0.9994259,0.99997973,0.9999784
201080604010036,604960301,42,99410.99,PNS,0.0047532436,0.99999964,0.9999999,1.0
201481701010028,148170101,28,67711.02,PNS,0.014920415,0.99998724,0.99999654,0.99999297
208246101010145,824610201,112,77840.56,PNS,0.013497246,0.999913,0.9999372,0.99984884
207224802010014,770980101,11,65411.31,PNS,0.0108422,1.0,1.0,1.0
201080605010097,604960301,86,99392.78,PNS,0.004632063,0.99999857,1.0,0.9999995
207610702010022,761070201,20,69610.95,PNS,0.01394605,0.9997658,0.9999174,0.9998629
201485605010030,148560501,28,63349.92,PNX,0.010109688,0.9999683,0.9999926,0.9991553
201128002010075,791010301,22,63973.0,PNS,0.012029385,0.9998474,0.9999852,0.9992687
203057509010005,841482101,10,100106.9,PNS,0.02335626,0.9994381,0.9999702,0.9995807
207611001010112,790380501,142,109909.5,PNX,0.017885648,0.99986494,0.9999968,0.9998055
206556701010071,784860101,45,89153.02,PNS,0.010615365,0.99997103,0.9999949,0.9992649
202038101010061,300270201,75,76070.74,PNX,0.016501756,0.99986804,0.99999344,0.9998547
201481701010017,148170101,15,67711.02,PNS,0.0165509,0.9999521,0.9999933,0.99999785
201080604010074,604960301,43,79261.06,PNX,0.005863423,0.999997,0.99999344,1.0
207615502010064,761550201,72,80739.44,PNS,0.009651664,0.9999354,0.99997306,0.99978703
203002702015047,300270201,48,75903.66,PNS,0.017122187,0.9998952,0.9999789,0.9997496
201010401010032,831790601,6,81793.4,PNS,0.016134044,0.99986434,0.99996936,0.9999137
201128002010050,791010101,13,120517.8,PNS,0.013269889,0.9998597,0.99999034,0.9999882
207610701010019,761070101,19,90675.0,PNS,0.014685263,0.9996189,0.9999895,0.9994116
206567810015001,824730201,8,102371.4,PNS,0.009945161,0.99993706,0.99999857,1.0
200709401010015,782650101,13,92110.79,PNX,0.017190099,0.9999567,0.9999987,0.9990404
208039104010091,803910401,91,85089.37,PNS,0.009916206,0.9999875,0.9999914,0.9997485
208039104010043,803910401,43,85089.39,PNX,0.010412024,0.99997354,0.9999956,0.99904877
201080604010046,604960301,55,99400.6,PNX,0.004347691,0.9999995,0.99999976,0.99999785
203002702010075,300270201,79,76070.78,PNX,0.011130043,0.99993896,0.999944,0.9996537
201080607010125,604960301,96,99410.99,PNS,0.00398471,0.99999964,0.99999666,0.9999999
201080605010113,604960301,112,99408.38,PNS,0.0038594108,0.9999999,1.0,0.9999999
207619208010042,761920801,44,59707.48,PNX,0.009707067,0.99999845,1.0,0.9999995
204025612010017,763120201,45,57141.12,PNX,0.011513994,0.9999994,0.99999976,0.99994683
201489601010033,148960101,32,55770.04,PNS,0.014026346,0.9999894,0.99999857,0.9998022
207207002010045,720700201,48,57538.0,PNX,0.019830784,0.99992,0.99997735,0.9997776
201080604015035,604960301,66,99382.38,PNS,0.0037220295,0.99999833,0.9999993,0.9999999
207816902010019,781690201,19,57253.15,PNX,0.009133711,0.9997651,0.9999349,0.9998523
200813408010014,803910401,86,85115.39,PNS,0.009452839,0.9999753,0.9999968,0.99985445
200813408010069,803910401,74,85089.37,PNX,0.0105148945,0.99999034,0.9999994,0.9996088
208218001010140,821800101,140,78906.41,PNX,0.0100251995,0.99974746,0.99997616,0.9994647
201109504010025,841481401,42,83099.95,PNU,0.009111039,0.99987245,0.9999895,0.9996642
208414821010019,841482101,19,83591.4,PNX,0.018375844,0.99993086,0.99997926,0.99930227
207903805010160,790380501,160,109917.6,PNX,0.018410996,0.9999771,0.99996865,0.99960357
206569901010015,790381401,15,142273.7,PNS,0.012797101,0.9995602,0.99997604,0.9998109
207216201010022,761920901,28,51596.98,PNX,0.020723052,0.9997789,0.9999988,0.9998981
203002702010079,300270201,91,76070.77,PNS,0.01310364,0.99995375,0.9999993,0.9994715
201489601010025,148960101,22,55796.05,PNS,0.018972035,0.99998724,0.99999654,0.99999595
201080604010046,555780401,49,86434.4,PNX,0.010255754,0.99999166,0.99999154,0.9998573
203068701010065,741280201,44,86241.99,PNX,0.010500101,0.9999957,0.9999721,0.9999299
207444503010047,744450301,47,94746.4,PNX,0.011013451,0.9999763,0.99999905,0.9991467
203025001010035,302500101,35,75941.81,PNX,0.008695627,0.9999924,0.9999976,0.99989855
207812103010014,781210301,14,66188.26,PNX,0.011352494,0.99996364,0.99998033,0.999998
207619208010034,761920801,34,64550.8,PNX,0.009289633,0.9999019,0.9999969,0.9999014
200813408010058,803910401,79,85089.37,PNS,0.01031462,0.9999894,0.9999988,0.9999838
207611001010085,790380601,79,96260.79,PNS,0.011983146,0.99995947,0.9999721,0.99918073
202039001010015,203900101,16,88889.55,PNS,0.01238067,0.9999894,0.9999789,0.99941444
201080604010015,604960301,22,99400.6,PNX,0.007269648,0.9999974,0.99999666,0.9999455
200773401015192,555630401,136,103108.6,PNX,0.010400033,0.999806,0.99991345,1.0
205509314010041,694670101,14,84486.96,PNX,0.0142121315,0.9992255,0.99999857,0.9997274
205509314010041,694670101,14,84486.96,PNS,0.0142121315,0.9996691,0.9999994,0.9998958
201503501010063,784330201,20,82913.22,PNS,0.01213406,0.9998859,0.99999785,0.9993212
207277801010019,790380901,18,105359.7,PNS,0.014550647,1.0,1.0,1.0
207446401010015,744640101,15,91357.12,PNX,0.010853258,0.99992144,0.9999957,0.9999981
206704804010046,744640101,11,105812.2,PNS,0.01555557,0.9999858,0.9999367,0.9999927
201080605010079,555780401,46,86410.39,PNS,0.010450286,0.9998902,0.999931,0.99908185
201080606010043,604960301,77,99392.78,PNX,0.00415232,0.99999976,0.99999094,0.999946
205521703010027,552170301,26,67662.4,PNS,0.015499371,0.9995264,0.9999672,0.99936503
208236801010134,831790701,124,102375.0,PNS,0.01120894,0.99994636,0.9999949,0.9993612
208039104010075,803910401,75,85094.58,PNS,0.009652082,0.9999887,0.99999905,0.99989855
201125219010074,824610301,78,78324.12,PNU,0.01025532,0.9997162,0.9999627,0.9992506
208627305010017,862730501,17,64990.78,PNX,0.009577034,0.999959,0.9999875,0.9990767
206569901010043,790380601,61,116691.4,PNS,0.010192803,0.999985,0.99998593,0.99973935
208440201010009,844020101,9,70263.57,PNX,0.011088589,0.99994814,0.99999595,0.99999905
202038101010044,300270201,49,76070.78,PNX,0.012714233,0.99996984,0.9999957,0.9993998
207226702010084,761630301,145,90363.0,PNS,0.009416145,0.9999515,0.99999535,1.0
206019305010010,601930501,11,104247.0,PNS,0.010651516,0.9994518,0.99995935,0.9998951
205549203010017,821240301,5,61985.03,PNX,0.014983677,0.9999397,1.0,0.99995685
208009712010011,800971201,11,54399.8,PNX,0.009252472,0.9990766,0.9999852,0.9998492
200813408010022,803910401,14,85115.38,PNX,0.017135276,0.9999056,0.9999124,0.99999726
201645607010075,824450501,62,77998.95,PNX,0.014061935,0.99992037,0.999992,0.99922967
202124802010104,824450501,88,77991.16,PNX,0.010099866,0.999985,0.99999917,0.9998659
201645607010081,824450501,44,77991.16,PNX,0.01077155,0.9999076,0.99999154,0.99988997
207640101010061,764010101,58,73416.41,PNX,0.014260922,0.99995935,0.9999999,0.99932504
207619209010023,761920901,21,51604.78,PNS,0.018302737,0.99998593,0.99999106,0.99928135
201010401010018,831790601,15,81746.6,PNS,0.013104285,0.9997156,0.99997723,0.99991035
207409601010138,831790701,50,102390.6,PNX,0.010684124,1.0,0.999995,0.9996667
208229601010040,822960101,40,76428.45,PNS,0.01021025,0.99995637,0.99999964,0.9991352
201485605010031,148560501,40,63329.14,PNU,0.009856864,0.9999286,0.9999869,0.99955875
201080606010142,604960301,61,99382.38,PNS,0.006026412,0.9999969,0.999997,1.0
207413002010004,741300201,5,103461.8,PNS,0.015795376,0.9992988,0.9999515,0.999303
207444503010079,744450301,69,94778.8,PNS,0.012582212,0.99997485,0.9999987,0.99917847
208405803010041,840580401,56,105385.8,PNS,0.011766481,0.99981683,0.9999987,0.9995802
208112101010119,811212701,49,71093.47,PNS,0.014111999,0.999902,0.99998975,0.9997924
207446401010009,744640101,9,105781.0,PNS,0.01873378,0.99993515,0.9999429,0.9999274
202026705010133,202670701,103,110273.8,PNX,0.010160831,0.9999231,0.9999888,0.9997638
207207002010067,720700201,69,57538.0,PNX,0.018654738,0.99908805,0.9999819,0.9995503
206944403010023,761550201,44,80739.45,PNS,0.00992602,0.9999604,0.9999958,0.99999833
201489601010012,148960101,9,55777.87,PNX,0.0171115,0.99987936,0.9999608,0.99956137
201010401010130,741280201,61,86239.4,PNS,0.01103964,0.999961,0.9999566,0.99924636
207216201010029,761920901,25,51604.77,PNS,0.015978537,0.999566,0.9999318,0.99974173
201080604010003,604960301,4,99410.99,PNX,0.019432485,0.9999666,0.9999833,0.99992514
208039104010049,803910401,49,85089.39,PNS,0.011194525,0.9999826,0.9999969,0.9993894
201428301010091,824610201,61,77840.56,PNS,0.014347678,0.9998258,0.99995744,0.9999485
201042601010100,824450501,57,78006.75,PNS,0.013995144,0.99990034,0.99999297,0.99932826
207640101010098,764010101,102,73392.3,PNS,0.011698812,0.999956,0.9999995,0.9997851
207446001010022,744600101,24,88632.0,PNS,0.0101479115,0.9999989,0.9999418,0.99969125
201478001010032,147800101,35,101313.8,PNS,0.015587983,0.99960107,0.99998176,0.99996686
201080606010102,604960301,26,99382.38,PNX,0.006728858,0.99998844,0.99997544,1.0
207640101010107,764010101,109,73428.73,PNS,0.016615417,0.99993193,0.99999833,0.9998227
204025611010007,402561101,7,50755.23,PNS,0.01795059,0.9995497,0.9999038,0.99999845
201080604010004,555780101,14,101500.4,PNX,0.0133647565,0.9998727,0.9999052,0.99992716
208019505010040,801950401,15,101233.1,PNX,0.0113904765,0.9999893,0.99999297,0.99977106
207216201010002,761920901,6,51573.6,PNS,0.03495547,0.9992687,0.9999809,0.99999034
201490102010011,149010201,11,54841.16,PNS,0.027930347,0.99979216,0.99995744,0.99999976
208218001010119,821800101,119,108373.2,PNU,0.013326737,0.999153,0.9999559,0.99947816
207903805010076,790380601,74,84686.87,PNX,0.013393478,0.99996734,0.9999863,0.99924964
201092707010082,763120201,63,68949.05,PNS,0.012576344,0.999889,0.9999418,0.9997987
207412802015053,741280201,47,86239.4,PNX,0.010550739,0.9999932,0.9999497,0.999918
201092707010019,763120201,18,68946.38,PNX,0.016517533,0.99998474,0.9999882,0.99987674
201090701010015,506440101,18,85035.57,PNX,0.010961541,0.9999542,0.99999535,0.9999844
201068601010015,693850501,13,110349.2,PNX,0.0099581955,0.99997866,0.99999976,0.9999994
201080604010058,604960301,89,99400.6,PNS,0.0040153493,0.9999999,0.99999964,0.99999666
201428001010001,142800101,1,87985.41,PNS,47.063164,0.99993336,0.9999989,1.0
205021401010061,502140101,61,77982.79,PNS,0.011218739,0.9995115,0.99993134,0.9999865
207823301010034,782330101,29,52087.15,PNU,0.016607203,0.99998045,0.99999094,0.99949086
207413002010015,741300201,17,103474.8,PNS,0.011019657,0.99967587,0.9999789,0.99988973
201489601010049,148960101,50,55746.7,PNS,0.011790658,0.99997985,0.99999976,0.99999833
201485605010020,148560501,21,63339.53,PNU,0.012821699,0.9997303,0.99994206,0.9997694
201125506010049,761630201,49,94860.1,PNX,0.012711789,0.9998518,0.99999666,0.9996339
201068601010005,693850501,9,110339.2,PNX,0.016723163,0.99993265,0.99999917,0.9999753
206935202010014,693520201,13,104387.4,PNS,0.015639178,0.99992704,0.999943,0.99998844
201489601010040,148960101,40,55777.87,PNX,0.014678266,0.99995553,0.9999957,0.9999726
201080604010009,604960301,5,99410.99,PNS,0.015019317,0.9999423,0.9999858,0.9999995
208019505010031,801950401,23,101217.5,PNX,0.011163496,0.9999956,0.99996614,0.99999154
208229601010018,822960101,18,76427.9,PNS,0.012194806,0.99972326,0.9999927,0.9995801
201481701010034,148170101,38,67711.02,PNX,0.011782658,0.99999857,0.99998915,0.99999595
201485605010081,148560501,79,55431.23,PNU,0.011335295,0.9999449,0.99999356,0.9998679
207640101010066,764010101,69,70871.59,PNS,0.0125365695,0.9999999,0.99998605,0.999907
200709404010036,782650101,21,92118.57,PNX,0.010150407,1.0,0.99995637,0.99977046
201010401010014,741280201,10,86239.4,PNS,0.017303536,0.9999753,0.999925,0.9996499
206578201010017,831790701,16,102428.7,PNS,0.0103682745,0.99983954,0.99999416,0.9992601
208039104010120,803910401,120,85115.39,PNX,0.009483106,0.9999815,0.9999305,0.9998691
208039104010128,803910401,128,85110.17,PNS,0.009462358,0.9999893,0.9999989,0.99944276
208039104010027,803910401,27,85089.37,PNX,0.0125333825,0.9999747,0.9999865,0.9998795
208244505010118,824450501,118,77991.16,PNS,0.008778685,0.9999838,0.99999654,0.9998299
206569901010046,790380601,54,116691.4,PNS,0.012010612,0.99993765,0.9999044,0.9993668
206556701010027,784860101,39,89145.22,PNS,0.009889812,0.99995446,0.9999989,0.9997582
207434602010007,801100101,10,75511.78,PNX,0.009967422,0.9999629,0.99999905,0.99982506
203040501010004,304050101,4,50076.75,PNX,0.020857027,1.0,1.0,0.999782
201489601010027,148960101,29,55777.87,PNS,0.01667013,0.9999608,0.99995065,0.9998735
205021201010013,502120101,11,90193.98,PNX,0.020032322,0.99960726,0.99999917,0.9990287
201109903010015,844860701,31,92531.4,PNS,0.0096883,0.9999323,0.99996555,0.99981016
205503501010006,841800201,8,113703.2,PNS,0.02056948,0.9998184,0.99994814,0.99987876
200813408010036,803910401,73,85089.37,PNX,0.010234979,0.9999825,0.99999166,0.9999474
208627302010017,862730601,16,65708.88,PNS,0.010786975,0.999944,0.9999981,0.99999845
208627302010007,862730601,8,65690.32,PNS,0.013281344,0.99992776,0.999987,0.99999464
207277801010041,790380501,114,109914.9,PNX,0.01309198,0.9999546,0.9999517,0.9998325
207277802010038,790380601,83,116691.4,PNX,0.012037778,0.9999858,0.99999726,0.9997434
203023901010077,805050101,90,61095.75,PNS,0.014057866,0.9999918,0.99998224,0.9999962
202038101010080,300270201,52,75903.66,PNS,0.016795602,0.9998566,0.99998,0.9998876
201489601010063,148960101,59,55746.7,PNX,0.013343908,0.99999523,0.99999905,0.9999912
201489601010038,148960101,37,55746.7,PNX,0.012433714,0.9999949,0.9999974,0.99909484
201125903010151,403200101,85,78344.15,PNU,0.02918962,0.99996674,0.9999472,0.9999455
201080604010027,604960301,51,99410.99,PNS,0.004147901,0.99999905,1.0,1.0
208229602010029,822960201,29,86137.89,PNS,0.009919867,0.99987924,0.9999279,0.99999726
201095201010019,210490101,2,87622.6,PNX,0.010194674,0.9995788,0.99992466,0.9993575
200709404010022,782650101,31,92126.34,PNX,0.00883591,0.9999958,0.99999535,0.99999726
201428001010010,142800101,10,87985.41,PNS,0.012154376,0.9992219,0.99992585,0.9995546
203057509010010,841482101,13,100106.9,PNS,0.01750731,0.99928975,0.99997056,0.999542
201042601010050,824450501,46,77996.35,PNX,0.0126414625,0.99997985,0.9999963,0.9996805
207848601010051,784860101,51,89153.02,PNS,0.011184311,0.9999906,0.9999596,0.99955577
207637004010042,763700301,18,53150.15,PNS,0.0067725945,1.0,1.0,0.9999826
201080605010112,604960301,44,99382.38,PNX,0.006504141,0.9999769,0.9999907,0.9999993
201080604010037,604960301,84,99410.99,PNS,0.0035282958,0.99999976,0.99999964,1.0
201010401010035,741280201,35,86262.8,PNX,0.010409332,0.99999523,0.99999356,0.99965274
201489601010021,148960101,21,55746.7,PNS,0.020257466,0.99994874,0.99999917,0.999283
201092703010050,763120401,3,79388.38,PNX,0.03545472,0.9996953,0.9999602,0.9999572
200709401010013,782650101,10,83343.35,PNU,0.036337182,0.99988353,0.9999875,0.9991374
207823301010035,782330101,35,52102.74,PNX,0.021938631,0.9999465,0.9999858,0.999959
202035602010016,203560201,16,60094.97,PNS,0.01945648,0.99950206,0.99995446,0.9999671
208244505010089,824450501,89,77991.16,PNS,0.012025618,0.9999398,0.99999726,0.99945754
207223603010022,722360301,22,103492.0,PNS,0.009833748,0.9999505,0.99999845,1.0
201489601010029,148960101,27,55790.88,PNX,0.018237716,0.99997306,0.99999046,0.9999865
201489601010089,148960101,88,55746.7,PNS,0.010925096,0.99999666,0.9999995,0.99996376
201080604010049,555780401,57,86431.78,PNS,0.009610408,0.9999938,0.99991727,0.99982196
201080605010079,604960301,47,99408.38,PNS,0.00468698,0.99999917,0.9999999,0.9999999
201126101010004,745110301,10,62312.28,PNS,0.015978156,0.9998752,0.99992275,0.9999515
201092707010021,763120201,62,68938.62,PNS,0.011736895,0.9999373,0.99991965,0.9998925
202039001010017,203900101,17,88913.16,PNS,0.0114568975,0.9999794,0.99994755,0.999948
208220501010029,822050101,29,51256.4,PNS,0.007713837,0.999688,0.999987,0.9997689
203002702010057,300270201,57,76070.78,PNX,0.012291078,0.9998858,0.9999665,0.9996656
201042601015128,824450501,197,77996.35,PNS,0.012246962,0.9999386,0.9999951,0.9998826
208244505010032,824450501,32,77996.35,PNS,0.017620489,0.99989986,0.99999774,0.9998136
202124802010103,824450501,123,77991.16,PNX,0.011299111,0.99992526,0.9999988,0.99989295
201111202010029,305540701,37,58765.2,PNS,0.017389195,0.99993694,0.9999883,0.9994716
207623601010012,762360101,12,74643.41,PNX,0.010585622,0.9999938,0.99992144,0.99999166
201481701010024,148170101,23,67711.02,PNX,0.0172404,0.9999527,0.99990606,0.9999944
201080604010067,604960301,54,99400.6,PNS,0.0044013294,0.9999994,1.0,0.9999988
201080604010013,604960301,17,99400.6,PNS,0.0074996445,0.9999981,0.9999999,1.0
201080605010131,604960301,107,99410.99,PNS,0.0039141965,0.9999999,0.9999999,0.99999857
202104801010008,694670101,6,84479.2,PNX,0.022748357,0.9992347,0.9999807,0.99932265
203002405010041,694170101,8,113361.9,PNS,0.01727314,0.9999876,0.99997306,0.9997782
207611001010214,790380501,144,92270.3,PNX,0.018141363,0.9999633,0.999992,0.99906653
203011503010036,764010101,33,73428.73,PNX,0.01741557,0.99982244,0.99999523,0.999964
201489601010042,148960101,44,55809.08,PNX,0.012729959,0.9999893,0.99999297,0.9991284
207252401010057,761550201,47,80734.24,PNS,0.009404627,0.999967,0.9999994,0.9999821
207437002010001,743700201,1,100550.6,PNS,0.23968783,0.99992204,0.9999957,0.9999765
203025001010045,302500101,45,75947.01,PNX,0.008632596,0.999987,0.99999785,0.9998996
208229601010020,822960201,6,103195.6,PNX,0.011566777,0.99974626,0.99997926,0.99993026
207216201010082,761920901,29,51573.6,PNX,0.015180165,0.99982786,0.9999527,0.99992836
201125219010075,824610201,62,77840.56,PNS,0.013539237,0.99981934,0.999974,0.9998599
202124802015125,824450501,92,77996.35,PNX,0.012591684,0.999969,0.99999785,0.99998915
207843302010045,784330201,45,82923.59,PNX,0.013304175,0.99992716,0.9999963,0.999453
206569901010034,790380601,87,116691.4,PNX,0.010633363,0.9999734,0.9999975,0.99928856
207616301015118,761630301,119,90347.4,PNS,0.010423421,0.9998965,0.99996996,0.9999999
201122905010032,500750101,28,65020.79,PNX,0.014067082,0.9999913,0.99999785,0.99931884
201126101010019,745110301,19,62312.47,PNS,0.0115397945,0.99954456,0.99997485,0.9999443
201129721010067,202670501,62,73694.48,PNU,0.019813692,0.99999976,0.9999709,0.99975556
201485605010069,148560501,74,63357.71,PNU,0.009301549,0.99979347,0.9999528,0.99922335
207826501010041,782650101,44,92110.79,PNX,0.009921188,0.99995446,0.9999908,0.99962926
201520201010188,152020101,188,71536.36,PNU,0.008821811,0.99999225,0.9999989,0.9994405
208039104010061,803910401,61,85094.58,PNX,0.0101729315,0.9999863,0.9999877,0.9999248
207611001010171,790380601,101,116691.4,PNX,0.010241167,0.99998844,0.9999989,0.99935573
207277801010041,790380601,65,116694.1,PNX,0.012003419,0.99999976,0.9999893,0.99943537
206006901010002,600690101,2,67463.66,PNX,0.05061501,0.99999976,1.0,0.9999938
207623601010011,762360101,11,74658.97,PNS,0.010894436,0.99986076,0.999925,0.9999945
202001301010080,761630301,55,90376.0,PNX,0.013568533,0.99974257,0.99998236,0.9999993
202038101010056,300270201,83,76070.78,PNX,0.014957041,0.9999409,0.9999981,0.99960166
203025001010015,302500101,18,75952.2,PNS,0.014451717,0.999892,0.99997437,0.9998135
201489601010082,148960101,83,55770.04,PNX,0.012192389,0.9999968,0.99999857,0.99996734
200823401010018,203560201,12,69360.94,PNX,0.013097202,0.99904543,0.99998486,0.99997747
203002702015058,300270201,60,76070.74,PNX,0.014013138,0.99997246,0.99999917,0.99942696
201489601010013,148960101,13,55790.88,PNS,0.02157924,0.9999285,0.99999726,0.9999907
201128002010026,791010301,31,63973.0,PNS,0.010915902,0.99982965,0.9999696,0.99985516
207812103010013,781210301,13,66177.83,PNX,0.011552862,0.9999447,0.999948,0.99990845
200147406010008,401090101,12,61208.82,PNX,0.012984019,0.99985766,0.9999398,0.99983835
208246101010130,824610201,113,77837.96,PNX,0.010116032,0.9997621,0.9999964,0.999731
207903806010071,790380601,71,116691.4,PNX,0.015807142,0.99952626,0.99997735,0.99957055
207444503010033,744450301,36,86592.24,PNS,0.012983035,0.9999403,0.9999963,0.9990683
201084602010038,147330101,52,61692.85,PNS,0.01516615,0.99997187,0.99999547,0.9999639
203002702010054,300270201,56,75903.66,PNX,0.015866164,0.9999876,0.99990404,0.9997545
207640101010051,764010101,49,73428.73,PNX,0.016088407,0.99984396,0.99999774,0.9993938
201125506010071,761630301,76,90376.0,PNS,0.011560422,0.9998393,0.99998784,0.9999951
201010401010056,741280201,38,86239.4,PNX,0.0114359865,0.99999774,0.9999831,0.99959093
201125227010058,824610201,58,77822.35,PNX,0.012943884,0.9999379,0.9999807,0.999961
207616301010108,761630101,108,101095.0,PNS,0.013459787,0.9999546,0.99995637,1.0
205560301010016,651610101,98,84332.83,PNX,0.016224844,0.9999486,0.99999845,0.9999949
208244505010058,824450501,58,77998.95,PNS,0.012850129,0.9999403,0.9999994,0.99982613
207616301015189,761630301,155,90363.0,PNS,0.0093061505,0.9999845,0.99999917,1.0
201129706010013,202670701,33,110297.2,PNS,0.012279252,0.9999443,0.9999385,0.9999571
202045002010039,502140101,84,77956.77,PNS,0.009264232,0.999859,0.999997,0.9999845
201080604010045,604960301,46,99408.38,PNS,0.0050346083,0.99999976,0.9999958,0.9999927
207615501010035,761550201,27,80739.45,PNS,0.009069363,0.99990404,0.9999894,0.9999871
207615502010109,761550201,81,80729.04,PNS,0.009215545,0.99999,0.99999666,0.99998164
202038101010085,300270201,72,75903.66,PNX,0.0135299,0.99993825,0.9999938,0.9995448
204045402010025,674050101,34,95659.2,PNS,0.014612343,0.9999995,0.99999964,0.99995613
201489601010001,148960101,1,55777.87,PNX,0.037134293,0.99978966,0.999923,0.9996916
202039001010005,203900101,5,88866.33,PNX,0.011867601,0.99988365,0.9999523,0.9994392
208220501010010,822050101,10,51256.4,PNS,0.012003585,0.9995958,0.9999436,0.9998318
206031901010019,770180801,9,71028.07,PNS,0.015398898,0.99996865,1.0,0.99999034
201259601010054,152020101,64,71601.38,PNU,0.011519659,0.99990046,0.99999285,0.99998546
200709401010009,782650101,12,92110.79,PNX,0.019751612,0.9999559,0.9999298,0.9999509
200709401010009,782650101,12,92110.79,PNU,0.019751612,0.9999671,0.99998987,0.99995613
207838901010012,783890101,10,75084.04,PNX,0.016420206,0.99960476,0.999966,0.9998771
206010101010020,844860101,8,101176.4,PNX,0.014734683,0.9996389,0.99990654,0.99981683
207409601010058,831790701,49,102375.0,PNX,0.009765325,0.9999486,0.9999993,0.9997329
201026402010050,672190301,9,107010.8,PNS,0.013837262,0.9997708,0.9999895,0.99961156
208229601010019,822960101,19,76427.6,PNX,0.014440383,0.9999956,0.9999969,0.99914217
207826501010008,782650101,8,92110.79,PNX,0.0112143,0.9999918,0.9999969,0.99967813
202038101010036,300270201,29,76070.74,PNS,0.02047905,0.99966776,0.9999678,0.9992355
203002405010008,694170101,9,106920.6,PNX,0.01665115,0.9999976,1.0,0.9999999
206556701010116,784860101,200,89153.02,PNS,0.011405345,0.9998864,0.99999714,0.99946016
203002702015062,300270201,64,76070.77,PNX,0.015481876,0.99994254,0.99999976,0.9990237
201359802010018,760870101,15,108496.3,PNX,0.010281175,0.99948174,0.99995005,0.99901915
207216201010077,761920901,81,51573.6,PNX,0.013150758,0.99981457,0.99998486,0.99973255
201080604010020,604960301,40,99382.38,PNX,0.005255013,0.99999857,0.9999999,0.9999995
207252401010062,761550201,52,80726.45,PNS,0.009096811,0.9999765,0.9999795,0.99998796
207640101010082,764010101,86,73428.73,PNS,0.017818484,0.99976355,0.9999541,0.99993813
201259601010056,152020101,79,71585.79,PNX,0.009532152,0.99994206,0.9999678,0.99989617
206734901010011,673490101,11,54237.72,PNS,0.011479913,0.9999993,0.99999547,1.0
208643301010121,864330101,121,88403.05,PNS,0.010701061,0.99978215,0.99997973,0.9990345
208317907010074,831790701,74,102428.7,PNS,0.01524623,0.9995426,0.99994135,0.9995952
201481701010007,148170101,7,67722.19,PNS,0.030585034,0.99951947,0.9999492,0.99929845
208042402010010,804240201,10,53240.2,PNX,0.0072645065,0.99998987,0.9999949,0.99998534
200813408010025,803910401,25,85089.37,PNS,0.009658657,0.99988055,0.9999964,0.99912804
201428301010097,824610201,146,77832.77,PNS,0.013190123,0.9998197,0.99998903,0.9995177
208244502010034,824450201,34,84994.0,PNX,0.00952128,0.99986196,0.9999956,0.9993556
201109504010028,841481401,23,83128.55,PNU,0.009725039,0.99987745,0.99993706,0.99993694
201129721010138,202670501,123,73275.88,PNU,0.022288125,0.99963856,0.9999292,0.9991423
201128002010030,791010301,24,63986.0,PNS,0.015504702,0.9996741,0.999964,0.99933547
204049679010035,742430301,25,66409.2,PNS,0.013228396,0.9999641,0.9999963,0.9997515
206733101015018,821800201,12,118549.2,PNX,0.01689005,0.9994535,0.9999871,0.99968076
201125219010024,824610201,42,77837.96,PNS,0.013421667,0.999703,0.999998,0.9996172
201125219010047,824610201,28,77840.56,PNS,0.014711738,0.99947876,0.99994516,0.9998461
201125219010032,824610201,38,77837.96,PNX,0.012667705,0.99982053,0.9999932,0.9999747
207442101010013,820860101,5,67759.7,PNX,0.012730227,0.9996294,0.9999099,0.99931645
208244505010079,824450501,79,78006.75,PNS,0.01578247,0.99974376,0.999982,0.9994704
208244505010161,824450501,161,77991.16,PNS,0.010220661,0.9999964,0.99999356,0.9991781
201489601010048,148960101,49,55790.88,PNS,0.019463161,0.9999448,0.9999863,0.99999404
207437002010028,743700201,31,95416.73,PNS,0.015038368,0.999974,0.9999614,0.9993507
207446001015151,744600101,105,88632.0,PNS,0.009806596,0.9999825,0.99997354,0.99995494
207640101010063,764010101,65,73407.9,PNS,0.014978276,0.9997634,0.999918,0.9994512
201080604010016,604960301,27,99410.99,PNS,0.0072704987,0.99999475,0.9999994,1.0
202039001010008,203900101,7,88842.95,PNS,0.010827544,0.9999808,0.99999857,0.9999391
205557805010141,604960301,117,99400.6,PNX,0.0039342754,0.99999976,0.9999999,0.9999999
208019505010021,801950401,28,98434.72,PNX,0.011119964,0.9999987,0.9999974,0.9996544
208039104010062,803910401,62,85089.37,PNS,0.009813065,0.9999825,0.9999987,0.99959356
208039104010100,803910401,100,85089.38,PNS,0.0091041615,0.9999958,0.9999989,0.9995964
201125506010042,761630301,84,90347.4,PNX,0.010092539,0.99996364,0.99993277,1.0
201122905010007,500750101,3,65036.39,PNS,0.11595428,1.0,1.0,0.99999964
207611001010165,790380501,58,109917.6,PNX,0.01945912,0.99986374,0.9999881,0.9990947
207640101010048,764010101,50,73382.62,PNS,0.016036473,0.99962735,0.9999912,0.99935454
200147406010020,401090101,20,61190.55,PNS,0.011051787,0.9997774,0.99996686,0.99931765
201481701010026,148170101,31,67711.02,PNX,0.015546539,0.999944,0.99998784,0.9999999
201080604010040,604960901,8,80334.77,PNS,0.013731253,0.9994475,0.99998283,0.99952173
207216201015158,761920901,82,51573.6,PNX,0.014179973,0.9999949,0.99998724,0.99999666
201129721010075,202670501,72,73273.28,PNX,0.022160474,0.99994767,0.99993074,0.9999987
200560203010005,801610101,4,93419.41,PNS,0.019952146,0.99910444,0.9999509,0.9999962
207216201010018,721620101,18,66781.0,PNX,0.011117789,0.99999964,0.9999999,0.99998415
208244505010111,824450501,111,77998.95,PNS,0.013926293,0.9999503,0.9999969,0.9999013
207903806010183,790380601,183,116691.4,PNX,0.010458142,0.99999547,0.9999087,0.9996371
200943808010009,790381401,13,142276.4,PNX,0.012348924,0.99971145,0.9999584,0.99975795
203068701010044,741280201,65,86241.99,PNS,0.009668194,0.9999765,0.9999523,0.9999964
201489601010083,148960101,79,55777.87,PNS,0.012217015,0.9999913,0.9999988,0.9997559
205557801010063,604960301,38,99410.99,PNX,0.00496909,0.99999964,0.9999999,0.9999968
201068601010016,693850501,14,110325.8,PNX,0.009764657,0.99997926,0.99999833,0.9999999
200709401010027,782650101,22,92126.34,PNU,0.011742585,0.999997,0.99999654,0.99999833
200709401010027,782650101,22,92126.34,PNX,0.011742585,0.99999046,0.999998,0.99996555
201080606010030,604960301,14,99408.38,PNS,0.008046065,0.9999975,0.99999976,0.9999999
201080604010063,555780401,34,86426.59,PNX,0.010420834,0.9999223,0.9999387,0.9997037
207409601010111,831790701,90,102397.5,PNS,0.01091706,0.99995494,0.99999785,0.99949634
201126803010001,210490101,1,87640.77,PNX,0.021211073,0.9997439,0.999995,0.9999999
201068601010009,693850501,10,110349.2,PNX,0.014524181,0.9999536,0.99999964,0.9999262
208019505010023,801950401,20,101196.8,PNS,0.012346179,0.9999994,0.9999995,0.9994947
208046801010011,804680101,11,104359.8,PNX,0.01514579,0.9999118,0.9999975,0.9999951
200813408010008,803910401,23,76703.05,PNS,0.017098654,0.99972254,0.9999722,0.99976116
206733101010064,821800101,135,108373.2,PNU,0.012052083,0.99945766,0.99998057,0.99982053
201247125010064,204040301,45,57711.31,PNU,0.012073955,0.99959844,0.99995446,0.9996729
201042601010144,824450501,115,77993.75,PNS,0.0121442685,0.99997187,0.99999547,0.99983335
207843302010014,784330201,14,82931.41,PNX,0.011629572,0.9999056,0.99996006,0.9997367
207843302010087,784330201,87,82908.01,PNX,0.010376651,0.99997544,0.99999905,0.99985313
201010401010034,741280201,48,86239.4,PNS,0.0102067785,0.99996006,0.9999763,0.9996351
207640101010085,764010101,76,73428.73,PNX,0.013147463,0.9999993,0.9999976,0.99998724
201489601010053,148960101,56,55746.7,PNS,0.01322501,0.99999857,0.9999968,0.9999964
201080623010177,604960301,104,99400.6,PNS,0.003421254,0.99999976,1.0,1.0
200287402010079,655050101,11,117954.2,PNS,0.012062035,0.99999535,0.99999917,0.999997
207810401010007,781040101,7,86069.14,PNX,0.018602826,0.9997253,0.9999411,0.9994752
208220501010031,822050101,31,51256.4,PNS,0.00873497,0.9999428,0.9999821,0.999509
208046801010007,804680101,7,104378.7,PNX,0.01816963,0.9999627,0.99996066,0.99998665
206733101010011,821800201,16,118546.6,PNU,0.014522112,0.9990262,0.99992657,0.99991715
201428301010083,824610201,76,77837.96,PNS,0.011896467,0.9997856,0.99998736,0.9999682
203020302010014,840580301,8,113947.6,PNS,0.01609711,0.9992198,0.9999161,0.9997578
208627302010021,862730601,11,65708.88,PNS,0.011475916,0.9999132,0.99999785,0.99999607
201645607010068,824450501,28,77991.16,PNX,0.017620008,0.9996631,0.9999863,0.99931705
207611001010228,790380601,99,116694.1,PNX,0.010706668,0.9999778,0.99994075,0.99918944
201084602010013,723801601,17,79193.36,PNS,0.01916357,0.9999609,0.9999943,0.9999409
202038101010086,300270201,86,76070.78,PNS,0.015328354,0.99991024,0.9999975,0.9996251
201080604010030,555780601,5,90178.4,PNX,0.014891899,0.99999726,1.0,0.99999964
206540301010042,654030101,40,82911.4,PNX,0.009509229,0.9995871,0.99998796,0.9998745
207610701010026,761070101,32,90675.0,PNS,0.010296167,0.9995591,0.9999782,0.9992163
202038101010045,300270201,84,75683.38,PNS,0.013017066,0.99995124,0.99999714,0.99953103
201489601010052,148960101,43,55746.7,PNS,0.01377261,0.99999917,0.9999951,0.9999566
208229601010024,822960101,24,76427.6,PNS,0.010465668,0.99999404,1.0,0.9997397
208039104010116,803910401,116,85089.37,PNX,0.010037486,0.9999958,0.9999975,0.9999404
201125219010078,824610201,107,75645.8,PNS,0.012490839,0.99982315,0.99995375,0.9995079
201125219010057,824610201,64,77837.96,PNX,0.013172968,0.9997273,0.99998474,0.9999318
207611001010122,790380601,69,116694.1,PNX,0.012082075,0.99993837,0.9999505,0.99953735
201122905010030,500750101,61,65041.59,PNS,0.012152035,0.9998702,0.9999938,0.9998235
208019505010027,801950401,10,101227.8,PNS,0.016444944,0.9997663,0.9999894,0.9992662
208229601010023,822960201,16,103141.0,PNS,0.010163614,0.9999627,0.9999957,0.99997747
201490102010025,149010201,25,54830.72,PNS,0.019399224,0.9999745,0.9999789,0.9999999
201645607015123,824450501,126,77998.95,PNS,0.012531769,0.99996984,0.99999833,0.99934834
206048602010005,604860201,5,110088.0,PNX,0.01736296,0.9999354,0.9999982,0.9999006
201080606010147,604960301,102,99400.6,PNX,0.0038099743,0.99999964,1.0,1.0
201489601010074,148960101,77,55746.7,PNS,0.013002131,0.9999931,0.99999976,0.99996626
201125506010017,761630201,24,94888.71,PNS,0.022062987,0.99950135,0.9999782,0.9998036
201010401010028,831790601,11,81793.4,PNS,0.012839875,0.9999312,0.99996257,0.9999162
202039001010013,203900101,13,88866.33,PNS,0.011559249,0.9999728,0.9999987,0.9997048
201490102010022,149010201,22,54830.72,PNS,0.021663077,0.9999888,0.99991417,0.99999845
201042601010086,824450501,69,77998.95,PNS,0.014414672,0.99998784,0.9999988,0.99988127
207903805010109,790380501,109,109917.6,PNX,0.021314522,0.99990475,0.999962,0.9996989
207277802010044,790380501,90,92270.3,PNX,0.017922739,0.99972004,0.9999831,0.99937016
201129701010012,784860101,59,85733.78,PNS,0.010690608,0.9999815,0.99999416,0.9991309
201066601010006,106660601,6,92295.29,PNX,0.014926953,0.9998049,0.9999939,0.99933904
207615501010139,761550201,55,80729.04,PNS,0.009348564,0.9999932,0.99998534,0.99998856
201489601010112,148960101,110,55746.7,PNS,0.012835617,0.9999914,0.99997985,0.99996316
200703405010016,200340101,12,71569.48,PNS,0.011605551,0.9991308,0.9999809,0.9997298
200709401010017,782650101,6,92126.34,PNU,0.052501913,0.99961686,0.99999726,0.9996995
200813408010096,803910401,106,85089.37,PNX,0.009955335,0.99999726,0.9999956,0.9999814
208627302010006,862730601,10,65690.32,PNS,0.011733145,0.99989665,0.99992025,0.9999995
201042601010043,824450501,39,77998.95,PNX,0.014069207,0.99984956,0.99998987,0.9999205
201010401010077,741280201,30,86239.4,PNX,0.010769574,0.9999901,0.9999317,0.99968624
207252401010089,761550201,40,80729.04,PNS,0.009658655,0.99999917,0.9999901,0.9999291
201090701010014,506440101,19,85043.39,PNS,0.009936877,0.99965596,0.9999995,0.9999995
207640101010127,764010101,104,73382.62,PNX,0.012449848,0.99992824,0.9999857,0.9995819
200709401010012,782650101,20,92069.16,PNX,0.009721558,0.9999882,0.9999709,0.999951
200709401010012,782650101,20,92069.16,PNU,0.009721558,0.99996793,0.99995804,0.999097
203002702010091,300270201,93,76070.77,PNS,0.013619961,0.99997735,0.9999981,0.9993079
206567811010005,824730201,2,102371.4,PNS,0.017552305,0.99968016,0.9999478,0.9994491
201645609010011,164560901,11,59901.38,PNX,0.016611295,0.99996424,0.9999342,0.9990828
206944403010030,761550201,62,80729.04,PNS,0.010084267,0.999899,0.9999968,0.9999819
208046801010006,804680101,6,94323.54,PNS,0.025617931,0.99955434,0.9999933,0.9999678
207640101010052,764010101,52,73392.3,PNS,0.012481604,0.9999964,0.99998844,0.9998196
201080604010018,604960301,39,99410.99,PNS,0.004770562,0.9999994,0.9999995,0.9999938
202039001010021,203900101,22,76257.38,PNS,0.012284249,0.9998727,0.99999106,0.99999654
206944403010017,761550201,24,80739.45,PNX,0.009803186,0.9998814,0.9999987,0.9999995
201489601010030,148960101,30,55796.05,PNX,0.020940812,0.9999751,0.9999782,0.9999838
201489601010006,148960101,6,55746.7,PNS,0.026481735,0.99992967,0.99999094,0.99990857
201259601010131,152020101,196,71536.36,PNU,0.0100730695,0.9999553,0.99999285,0.9995846
205503501010023,841800201,14,113690.3,PNX,0.012479521,0.99987257,0.9999949,0.9998635
207619204010015,761920401,15,63051.15,PNS,0.015748711,0.99974936,0.99994624,0.9994412
200813408010083,803910401,87,85115.38,PNS,0.009503084,0.99999344,0.9999969,0.99977165
208039104010056,803910401,56,85089.37,PNX,0.010576593,0.9999708,0.9999943,0.99999404
203057509010020,841482101,17,100106.9,PNX,0.011031117,0.9999441,0.99999535,0.999913
201042601010095,824450501,24,77998.95,PNX,0.017006168,0.9999318,0.99999475,0.9997851
201501801010008,690900101,24,64989.57,PNS,0.011046385,0.9998964,0.9999664,0.9996997
202039001010007,203900101,6,88848.15,PNX,0.013671041,0.999997,0.9999851,0.9998547
201239001010030,147800101,22,101313.8,PNX,0.01191024,0.99969554,0.99999547,0.9999962
201511002010026,555700101,28,94694.6,PNS,0.022724155,0.99903345,0.9999317,0.99939525
201481701010031,148170101,35,67711.02,PNX,0.01238507,0.99999416,0.9999094,0.9999299
201128002010025,791010301,27,63973.0,PNS,0.013858085,0.99986756,0.99995303,0.9999504
201490102010010,149010201,10,54750.16,PNS,0.03204666,0.9998141,0.99996245,0.9999914
208039104010058,803910401,58,85089.38,PNS,0.010917901,0.9999962,0.9999981,0.9991683
206733101010064,821800301,139,103589.2,PNX,0.012669578,0.99990106,0.9999144,0.9997451
201122802010052,824450201,45,84975.8,PNS,0.009105697,0.9999783,0.9999927,0.99957734
206935202010011,693520201,11,104400.0,PNS,0.014727074,0.99969923,0.99992776,0.999395
201042601010030,824450501,72,77993.75,PNS,0.010717273,0.99995375,0.99999475,0.9999443
201042601010040,824450501,96,77998.95,PNS,0.0114519065,0.9999857,0.99999785,0.999474
205042601010074,761550201,75,80705.64,PNS,0.0095601715,0.9999386,0.9999043,0.99963236
200703405010051,200340101,13,71561.68,PNS,0.011565864,0.99968493,0.9999342,0.9999685
201010401010007,831790601,4,81751.8,PNS,0.017871495,0.9991035,0.99996865,0.99997973
201489601010019,148960101,19,55746.7,PNX,0.016965855,0.99998844,0.999998,0.99950564
201481701010022,148170101,22,67711.02,PNX,0.015837146,0.99995327,0.999992,0.999998
206939901010022,693990301,10,78761.79,PNS,0.009934676,0.9998895,0.9999621,0.99946314
208627302010062,862730601,17,65695.54,PNS,0.008320591,0.9999876,0.99996805,0.9999951
202124802010102,824450501,82,77996.35,PNX,0.012975376,0.9999471,0.9999988,0.9994072
206556701010107,784860101,58,89153.02,PNX,0.0100332275,0.99979955,0.9999956,0.99938285
208440201010018,844020101,18,62642.97,PNX,0.012230842,0.9999981,0.99996567,0.99997926
201473301010097,723801601,69,79621.56,PNS,0.015351719,0.9998399,0.9999678,0.99911445
206944403010020,761550201,21,80729.04,PNX,0.010687668,0.9999002,0.9999112,0.9996716
207226702010006,761630301,73,84079.16,PNX,0.011145795,0.9999665,0.9999939,0.99989843
201010403010028,400270101,12,99012.57,PNX,0.012245738,0.99983096,0.99997246,0.9991992
201113501010176,202670701,133,110297.2,PNX,0.01015526,0.9999665,0.9999987,0.99997175
203011503010016,764010101,31,73428.73,PNS,0.02053854,0.99973994,0.99999523,0.99984837
202039001010014,203900101,14,88889.55,PNS,0.010928341,0.9999832,0.9999852,0.99996054
201485605010013,148560501,13,63357.71,PNU,0.023013964,0.99992025,0.9999938,0.99917656
202038101010001,300270201,4,57269.91,PNX,0.95500606,1.0,1.0,0.99955255
207903806010135,790380601,135,84746.24,PNX,0.012083037,0.9999907,0.999964,0.99920696
201010401010072,741280201,72,86239.4,PNS,0.01040263,0.9999902,0.99999475,0.99968195
201080605010115,604960301,57,99400.6,PNS,0.0044985395,0.9999994,0.99999976,1.0
201038607010014,550640101,17,59506.52,PNX,0.016786514,0.9990646,0.9999571,0.99999726
201010401010041,741280201,11,86268.0,PNX,0.016315218,0.9999471,0.9999677,0.99910223
201128002010010,791010101,17,120543.8,PNX,0.011327927,0.9993469,0.9999926,0.9999058
200669401010002,501790101,2,107918.2,PNU,0.102330916,0.9999908,0.9999994,0.9999988
208229601010054,822960101,54,76427.6,PNX,0.010221215,0.99993277,0.99999905,0.99949646
208046801010022,804680101,22,94324.02,PNS,0.012887156,0.99996614,0.99999344,0.99999857
200813408010033,803910401,13,85115.38,PNS,0.016986487,0.9999597,0.9999665,0.9991755
208246101010176,824610201,101,77837.96,PNX,0.011835363,0.9997898,0.99999917,0.999959
208244505010052,824450501,52,77996.35,PNS,0.015259161,0.9998179,0.9999896,0.9997938
207611001010145,790380501,99,92256.8,PNX,0.023210617,0.99977547,0.99992776,0.9991359
201239001010034,147800101,12,101317.3,PNX,0.016504504,0.99986076,0.99998355,0.99996614
201010401010033,741280201,15,86268.0,PNS,0.012803849,0.99995184,0.99993384,0.9991696
206019305010009,601930501,6,104236.6,PNX,0.0127493795,0.9994105,0.9999764,0.99992716
201489601010109,148960101,105,55746.7,PNX,0.011849131,0.9999964,0.99999917,0.99996233
207413002010009,741300201,10,103446.2,PNS,0.012991431,0.99928325,0.9999776,0.9998461
201080604010089,604960301,95,99400.6,PNS,0.0042727906,0.9999994,0.99999976,1.0
207226702010010,761630301,65,90389.0,PNS,0.011278347,0.99990976,0.99999833,0.99999547
201109903010004,844860101,10,101176.4,PNX,0.015609071,0.9994844,0.99997246,0.9994215
208627302010052,862730601,25,65708.88,PNS,0.0084504085,0.99996114,0.9999974,0.9999987
201042601010074,824450501,51,77996.35,PNS,0.011052514,0.9999542,0.99998593,0.99982965
207843302010046,784330201,46,82902.8,PNS,0.011835918,0.9999442,0.9999964,0.9993543
206031901010020,770180801,15,71020.27,PNS,0.010892208,0.9999968,0.9999924,0.9999976
208440201010002,844020101,2,70263.57,PNS,0.025677457,0.9998087,0.99998367,0.9999857
206578201010041,831790701,58,102428.7,PNS,0.011183167,0.99995387,0.99999845,0.9991491
208039104010111,803910401,111,85115.38,PNS,0.010753075,0.999941,0.9999403,0.9999255
201125219010029,824610201,52,77837.96,PNX,0.013802472,0.99973613,0.9999782,0.99968266
205560301010020,651610101,11,84332.83,PNX,0.015247512,0.9998642,0.9999945,0.9998636
201042601010097,824450501,134,77998.95,PNS,0.012428506,0.9999877,0.9999993,0.99991703
201042601010114,824450501,85,77993.75,PNS,0.009838085,0.99997973,0.9999982,0.99981207
206054704010022,724090101,9,120023.8,PNS,0.010325707,0.99957937,0.99998605,0.9999641
201092707010153,763120201,65,68949.05,PNS,0.012656178,0.99999344,0.99998236,0.9995989
202045002010014,502140101,80,77974.99,PNX,0.009214938,0.999835,0.9999908,0.99998415
201010401010051,741280201,40,86239.4,PNS,0.011018495,0.9999676,0.9999782,0.9997137
207635002010016,763500201,17,73534.6,PNS,0.009963108,0.9994166,0.999946,0.9997229
201129721010088,202670701,111,110271.2,PNX,0.009597082,0.9999274,0.99999774,0.9995254
201128002010014,791010301,21,63944.39,PNX,0.014581623,0.99961734,0.99997246,0.9996835
201042601010116,824450501,87,78006.75,PNS,0.010569168,0.99999297,0.99999905,0.99969006
203002702010077,300270201,82,57262.97,PNS,0.012432917,0.9998735,0.9999378,0.9998258
206731702010013,782430101,15,76498.7,PNS,0.016387105,0.9994111,0.9999019,0.99997497
207207002010061,720700201,68,57538.0,PNS,0.02090735,0.99978536,0.9999187,0.9996691
201259601010067,152020101,73,71536.36,PNX,0.012277572,0.99997544,0.99999845,0.99954236
201080604010004,604960301,21,99400.6,PNX,0.00674394,0.99999774,0.9999838,0.99999845
207640101010031,764010101,30,73382.62,PNX,0.021914443,0.9996749,0.99999106,0.99953353
201080604010030,604961201,5,112827.0,PNS,0.015125153,0.99999976,1.0,0.9999999
201092703010007,763120401,6,79378.0,PNS,0.02410267,0.99993575,0.9999416,0.9995504
208627302010049,862730601,15,65690.32,PNS,0.009541738,0.99997294,0.9999975,0.99999654
208244505010164,824450501,164,77996.35,PNX,0.009988511,0.9999831,0.9999981,0.99998856
201111202010026,305540701,14,58783.4,PNS,0.18024236,0.99999905,1.0,0.9999999
201489601010043,148960101,42,55796.05,PNS,0.015689246,0.999992,0.9999945,0.99948704
201489601010075,148960101,68,55796.05,PNS,0.013871082,0.99999654,0.999997,0.9999583
201490102010024,149010201,23,54757.95,PNX,0.018409207,0.9999591,0.9999355,0.99999547
201513701010036,692840501,22,117837.2,PNX,0.009991988,0.9996928,1.0,0.99999976
207619204010023,761920401,21,63051.14,PNX,0.010725253,0.99963844,0.9999342,0.9995815
205557001010063,555700101,37,94694.6,PNX,0.023138015,0.99911743,0.99994075,0.99912137
201092707010089,763120201,55,66196.37,PNS,0.012511235,1.0,1.0,1.0
201489601010041,148960101,41,55809.08,PNS,0.015808318,0.999977,0.999998,0.9999182
201109903010011,844860601,8,75799.28,PNS,0.039560143,1.0,1.0,1.0
201080604010017,604960301,10,99382.38,PNX,0.011142096,0.99998593,0.9999949,0.9999949
208046801010010,804680101,10,104378.7,PNS,0.013333968,0.9999896,0.9999988,0.9999976
201125219010085,824610201,60,77840.56,PNS,0.01277952,0.9997991,0.99998105,0.9999751
208244505010117,824450501,117,77998.95,PNX,0.012546094,0.99998355,0.99999964,0.9999143
207843302010024,784330201,24,82923.59,PNS,0.01276604,0.9997192,0.99999595,0.9991424
201489601010060,148960101,61,55746.7,PNS,0.012403379,0.9999969,0.9999993,0.99963486
201239001010012,147800101,10,101319.0,PNS,0.018686546,0.99939966,0.99992776,0.99988925
201502801010010,764770101,15,66657.34,PNX,0.014385732,0.9999263,0.99998224,0.9999379
201504706010019,743830501,13,102163.0,PNX,0.010226891,0.9999052,0.99999964,0.9999231
208019505010034,801950401,27,101233.1,PNX,0.010987465,0.9999871,0.99999857,0.9993691
207003809010054,824730201,6,102371.4,PNX,0.012176853,0.99967706,0.9999794,1.0
208039104010046,803910401,46,85110.17,PNX,0.0111794425,0.9999825,0.99999857,0.99915254
208112101010055,811212701,56,71054.48,PNX,0.017597029,0.99980825,0.999992,0.9998337
207277802010039,790380601,122,116691.4,PNS,0.011524213,0.999944,0.99999666,0.99913293
207903808010228,790380801,228,109618.4,PNX,0.010326984,0.9999889,0.99996877,0.9991177
208003801010044,800380101,44,92357.16,PNX,0.009673845,0.99993443,0.9999956,0.9991755
201489601010032,148960101,33,55790.88,PNX,0.01872174,0.99997437,0.99999523,0.9999939
201080604010088,604960301,28,99382.38,PNX,0.0054973564,0.9999963,0.9999995,0.9999995
206005406010133,741280201,96,86241.99,PNS,0.009728724,0.9999993,0.99998534,0.99965656
206578201010039,831790701,35,102428.7,PNS,0.01130204,0.9998455,0.9999918,0.9990392
200813408010051,803910401,51,85089.37,PNS,0.010610237,0.99999225,0.9999994,0.9999616
207611001010044,790380501,65,77654.91,PNX,0.02171007,0.9999379,0.9999782,0.9993179
203011503010027,764010101,23,73428.73,PNX,0.020439494,0.9995322,0.99995327,0.99948585
201129707010079,402430301,108,79755.01,PNX,0.01022216,0.9998946,0.9999927,0.99997187
201010401010041,831790601,10,81736.2,PNX,0.015284831,0.99954516,0.9999641,0.99983597
207812103010009,781210301,9,66188.26,PNS,0.01732029,0.9997533,0.9999852,0.999931
207812103010004,781210301,4,66188.26,PNS,0.026836738,0.99986935,0.99998903,0.9999695
201490102010016,149010201,16,54833.35,PNS,0.02075457,0.99993217,0.9999423,0.999979
200813408010037,803910401,60,85089.37,PNS,0.010998875,0.99992645,0.9999918,0.99950325
201042601010079,824450501,139,77998.95,PNX,0.012727431,0.9999676,0.9999999,0.9999927
208244505010064,824450501,64,77996.35,PNS,0.010710476,0.9999527,0.99999917,0.9998716
201503501010023,784330201,26,82913.22,PNX,0.012939451,0.9998988,0.9999907,0.9993794
201092707010039,763120201,39,68925.55,PNS,0.013061658,0.99995184,0.99998593,0.99980086
207252401010059,761550201,41,80729.04,PNX,0.009394957,0.9999733,0.99994314,0.9995123
205042601015090,761550201,53,80739.44,PNS,0.010080882,0.9999534,0.99997294,0.99990106
207640101010044,764010101,45,73382.62,PNX,0.013705808,0.9999026,0.9999975,0.9999937
207616303010189,761630301,190,90363.0,PNX,0.009631666,0.9999436,0.99998915,1.0
200669401010075,501790101,15,107928.6,PNX,0.030742405,0.99996793,0.9999995,0.99999654
201511002010036,555700101,25,94694.6,PNS,0.023973444,0.9996605,0.9999318,0.9994648
201109903010023,844860101,16,101176.4,PNS,0.011778473,0.9996674,0.99998605,0.9997303
206717001010006,671700101,6,79273.97,PNS,0.020365464,0.999445,0.99990547,0.9999956
202039001010019,203900101,19,88889.55,PNX,0.009793144,0.99999523,0.99999607,0.9999908
208019505010033,801950401,25,101267.0,PNX,0.011398164,0.9999958,0.99999595,0.9997836
200813408010081,803910401,54,85089.37,PNX,0.011317221,0.9999763,0.99999857,0.9993957
206771801010012,800380101,12,92341.59,PNU,0.0103154965,0.99966264,0.999985,0.99987936
201084602010014,723801601,22,79643.17,PNX,0.0155065125,0.99996424,0.99999404,0.99931705
207631201010101,763120201,67,68949.05,PNS,0.015001237,0.9999832,0.99998724,0.99998283
205064401015022,506440101,25,84393.38,PNS,0.011781926,0.99974436,0.9999994,0.9999944
203002405010009,694170101,6,113348.4,PNS,0.018879317,0.99999654,1.0,1.0
201080604010032,604960301,30,99410.99,PNS,0.0053942385,0.9999987,0.99999976,0.9999989
207444503010123,744450301,105,94746.4,PNS,0.012164138,0.9999728,0.9999938,0.9991417
201489601010028,148960101,28,55746.7,PNX,0.016633367,0.9999348,0.9999939,0.99998236
201489601010017,148960101,17,55809.08,PNS,0.013035153,0.99995625,0.9999436,0.99990296
202045402010049,693060401,9,51335.7,PNX,0.010182601,0.9992428,0.99994266,0.9999517
203025001010010,302500101,10,75939.22,PNS,0.01661,0.99991274,0.9999918,0.99995804
201126101010011,745110301,15,62312.47,PNX,0.015705073,0.9991949,0.99999344,0.9999571
208039104010072,803910401,72,85094.58,PNS,0.009278594,0.9999707,0.9999753,0.9997093
206733101010017,821800201,26,118536.2,PNU,0.009824855,0.9996451,0.99991226,0.99991703
201129701010006,784860101,9,89145.22,PNX,0.014368853,0.9998834,0.9999852,0.99980146
202052401010048,784860101,107,89158.23,PNS,0.01044829,0.99993,0.9999887,0.9997658
206556701010067,784860101,94,89168.62,PNX,0.013450258,0.99996376,0.9999981,0.99975044
208449301010024,844930101,24,71318.0,PNX,0.013467041,0.9991974,0.9999573,0.9999368
207252401010064,761550201,30,80739.45,PNX,0.009113581,0.9998723,0.99999726,0.9999944
201489601010099,148960101,104,55746.7,PNS,0.0124349035,0.9999958,0.9999999,0.9998584
207640101010115,764010101,108,73382.62,PNS,0.014555716,0.99991524,0.99999046,0.99988997
201080604010011,604960301,13,99410.99,PNS,0.013741135,0.99997485,0.9999764,0.99997735
202104801010005,694670101,12,82786.59,PNS,0.018107152,0.9999994,0.99999845,0.9990884
202104801010005,694670101,12,82786.59,PNX,0.018107152,0.9999989,0.9999989,0.9994142
208229601010021,822960101,21,76427.9,PNS,0.011618436,0.9998723,0.9999945,0.99941254
205557801010075,604960301,73,99382.38,PNS,0.003119919,0.9999994,0.99999976,1.0
201489601010054,148960101,51,55796.05,PNX,0.011382836,0.9999912,0.9999994,0.9999987
207409601010149,831790701,91,102408.8,PNS,0.009939837,0.9999852,0.9999975,0.9990934
205503501010020,841800201,19,107044.4,PNS,0.012666222,0.9999819,0.9999304,0.99987555
205503501010018,841800201,10,113656.4,PNS,0.01871238,0.9990043,0.9999969,0.9999999
201068601010017,803990301,4,98109.76,PNX,0.027581703,0.9999523,0.9999776,0.99997544
201080604010002,604960301,2,99392.78,PNX,0.047015727,0.9997385,0.99996924,0.999998
208039104010085,803910401,85,85089.37,PNS,0.010872904,0.99999285,0.99999845,0.99999034
204008002010038,840580401,32,105372.8,PNX,0.010965474,0.99996424,0.999979,0.9991841
207413002010032,741300201,31,76042.91,PNS,0.009431329,0.99983394,0.9999765,0.9992512
201489601010011,148960101,12,55746.7,PNX,0.022362703,0.99994934,0.9999919,0.99952567
201129705010022,202670701,69,110284.2,PNS,0.010780038,0.9994979,0.9999857,0.9992482
201126101010036,745110301,21,62313.04,PNS,0.012753082,0.99979776,0.99999535,0.99999034
207226706010043,761630301,48,90347.4,PNX,0.0130549725,0.9995789,0.99997103,0.999931
201527802010016,152780201,18,60650.94,PNS,0.009628079,0.9998716,0.99990094,0.9998907
201481701010032,148170101,29,67711.02,PNX,0.013216056,0.9999827,0.99999845,0.9999366
207640101010046,764010101,47,73426.09,PNS,0.0120604485,0.9999566,0.99999845,0.99923074
201530302015010,748190101,10,52774.77,PNS,0.015481871,0.99966884,0.9999534,0.9992367
202038101010007,300270201,8,76070.74,PNX,0.1415746,1.0,1.0,0.99998844
208039104010057,803910401,57,85089.38,PNS,0.011249348,0.9999833,0.9999964,0.99952507
208112127010092,811212701,92,71093.47,PNX,0.015420739,0.9996989,0.99999785,0.999503
202124802010107,824450501,94,77991.16,PNS,0.012123212,0.9999794,0.9999995,0.99993825
207611001010086,790380501,74,109917.6,PNX,0.022968858,0.99985015,0.99996305,0.9994066
205557801010078,604960301,99,99382.38,PNS,0.0030245492,0.99999964,0.9999999,1.0
203029001010045,500750101,51,65062.39,PNS,0.010669711,0.99977046,0.9999877,0.99929917
207412802010083,741280201,79,86239.4,PNS,0.011384937,0.9999931,0.99998105,0.9998423
202001301010065,761630201,43,94828.89,PNS,0.0142671885,0.999603,0.9999207,0.99912804
207616301010145,761630301,123,90376.0,PNX,0.013308012,0.99991465,0.9999919,1.0
201123102010015,204610101,16,71071.0,PNS,0.013837041,0.99975365,0.99997294,0.99976283
201481701010042,148170101,46,67711.02,PNS,0.012867178,0.99998295,0.9999857,0.99974114
201489601010014,148960101,14,55770.04,PNX,0.021403033,0.99979156,0.99998593,0.99936944
206010101010041,844860701,42,92541.77,PNS,0.009766022,0.99990606,0.9999604,0.9994904
208042402010006,804240201,6,53235.0,PNS,0.008705433,0.99996233,0.99999833,0.9999927
208235803010011,823580301,11,112454.3,PNX,0.01330448,0.9999778,0.9999583,0.99985576
208627302010016,862730601,13,65708.88,PNS,0.01078765,0.9999459,0.9999876,0.99997747
201259601010103,152020101,78,71627.38,PNX,0.0107828295,0.9998204,0.9999598,0.9996705
201090701010006,506440101,14,85043.38,PNS,0.011910013,0.9994223,0.99998724,0.99999857
201113501010077,202670701,115,110273.8,PNX,0.012588651,0.9996321,0.9999963,0.99998343
208627302010003,862730601,4,65692.94,PNS,0.021541975,0.9998832,0.9999982,0.9999913
201042601010028,824450501,27,77998.95,PNS,0.015105003,0.99988186,0.99998844,0.9996376
207843302010066,784330201,66,82923.59,PNX,0.012004878,0.99998343,0.9999995,0.9996214
207611001010149,790380601,116,84747.37,PNS,0.013533135,0.99990547,0.99990416,0.99902976
201111202010048,800031001,3,82138.05,PNU,0.09100642,0.9999999,1.0,1.0
202038101010063,300270201,94,76070.77,PNX,0.01545706,0.9999188,0.99998283,0.99912006
206944403010022,761550201,33,80726.45,PNX,0.009127763,0.9999813,0.9999994,0.9999881
201100113010071,504810301,82,69002.52,PNU,0.012167798,0.9993611,0.99999404,0.99916816
201481701010014,148170101,13,67711.02,PNX,0.021519119,0.99994195,0.9999292,0.9997024
207616301010106,761630201,88,94828.89,PNS,0.012622182,0.99998105,0.9999987,0.99951947
201080606010066,604960301,74,99382.38,PNX,0.0033552647,0.99999976,1.0,1.0
203002702010036,300270201,36,76070.77,PNX,0.01655614,0.9999145,0.99998796,0.9998023
208627302010024,862730601,24,65692.94,PNS,0.008558216,0.99993646,0.99999964,0.99999225
201122912010020,500750101,31,65036.39,PNS,0.014959637,0.9998534,0.99999595,0.99997616
201478001010018,147800101,18,101329.3,PNX,0.012035825,0.9999802,0.99998605,0.9999939
206935202010013,693520201,14,104353.1,PNS,0.01699452,0.9999343,0.9999908,0.99999475
207216201010084,761920901,59,51573.6,PNX,0.014100369,0.9999722,0.99995005,0.99999666
204049674010014,742430301,28,66414.4,PNX,0.013672385,0.99970335,0.99991286,0.9997204
201080604010021,555780401,41,86431.78,PNS,0.0092153475,0.99996936,0.9999274,0.9992512
207409601010114,864330101,138,88422.96,PNS,0.014957534,0.9997545,0.999969,0.99946195
206578201010057,864330101,37,88394.8,PNS,0.009320345,1.0,1.0,1.0
206049603010121,604960301,121,99392.78,PNS,0.004364864,0.9999993,0.99999976,0.9999969
202039001010003,203900101,3,88889.55,PNS,0.03678859,0.99971324,0.9999237,0.99990976
208627302010026,862730601,30,65690.64,PNS,0.008610711,0.9999976,1.0,0.99999905
201042601010122,824450501,98,77993.75,PNS,0.010642899,0.99998915,0.9999989,0.9995516
201042601010131,824450501,132,77996.35,PNS,0.011012769,0.9999715,0.9999988,0.9999546
201111202010030,800031001,32,82138.03,PNX,0.009977683,0.9997631,1.0,0.9999943
201080604010082,604960301,108,99400.6,PNS,0.0038326697,0.9999995,0.99999976,1.0
207252401010098,761550201,87,80729.04,PNS,0.009207797,0.99996984,0.99997914,0.99989355
200563401010022,502120101,13,90147.2,PNX,0.017866876,0.99960643,0.99998116,0.99982613
207619208010007,761920801,8,64550.8,PNS,0.018278679,0.9993563,0.9999466,0.9998951
207226702010096,761630301,72,90363.0,PNS,0.010335839,0.9999068,0.9999949,1.0
207226703010006,761630301,43,90363.0,PNX,0.010677054,0.99981827,0.99997604,0.9999999
203025001010008,302500101,8,75947.01,PNS,0.016750654,0.99970466,0.9999683,0.99920315
202039001010011,203900101,11,88887.13,PNX,0.010647246,0.99998975,0.99999714,0.99979824
208229601010045,822960101,45,76427.6,PNX,0.01118556,0.99994373,0.9999857,0.9992925
207611001010202,790380501,120,92270.3,PNU,0.011091566,0.99994135,0.9999418,0.9992106
207640101010095,764010101,88,73428.73,PNS,0.016686067,0.9999491,0.9999982,0.999343
201010401010087,741280201,81,86262.8,PNX,0.010184653,0.99997354,0.9999199,0.9994925
205042601010052,761550201,37,80739.44,PNX,0.0101514375,0.9999778,0.9999857,0.999866
201026407010012,650510201,23,99393.79,PNX,0.023774693,0.99957186,0.9999778,0.9993813
202026706015179,202670701,224,110271.2,PNX,0.009920344,0.9998815,0.9999989,0.99988353
201092707010118,763120201,59,68941.21,PNS,0.010601166,0.9999999,0.9999918,0.9999893
206578201010007,740960101,5,77551.73,PNS,0.011104486,0.9999497,0.9999987,0.99984384
207413005010006,741300501,6,64143.09,PNS,0.017054856,1.0,0.99998784,0.9997081
201080604010030,604960801,3,90217.41,PNU,0.034331083,0.99999905,1.0,1.0
208019505010024,801950401,21,101227.8,PNX,0.01131587,0.99999154,0.999998,0.9999939
208039104010042,803910401,42,85089.37,PNX,0.011833011,0.99995196,0.9999852,0.9995553
208039104010068,803910401,68,85089.37,PNS,0.01023974,0.99996793,0.99999404,0.9999652
208218001010056,821800101,56,108373.2,PNU,0.013480438,0.99918157,0.9999707,0.99913114
207277802010045,790380501,62,77809.05,PNX,0.025588421,0.9997702,0.9999198,0.999574
207277801010032,790380601,38,96276.99,PNS,0.013036589,0.99983895,0.99995697,0.9992417
206031901010014,770180801,11,71041.04,PNS,0.01084799,0.9999951,0.99999523,0.9999871
208440201010016,844020101,16,70263.57,PNS,0.010535209,0.9999881,0.9999292,0.9990163
207216201010133,761920901,102,51573.6,PNS,0.0127414595,0.99996734,0.9999782,0.9999484
207640101015126,764010101,111,73428.73,PNX,0.01683489,0.99987996,0.9999993,0.999696
202039001010009,203900101,8,88889.55,PNS,0.011114168,0.99998045,0.9999912,0.9999683
201478001010036,147800101,45,101313.8,PNS,0.012639096,0.99989736,0.9999993,0.9999943
202010902010004,821240301,3,61985.03,PNX,0.020863408,0.99993265,1.0,0.9999995
207812103010010,781210301,10,66175.23,PNX,0.018885946,0.9993554,0.999961,0.99971193
201118001010020,111800101,20,106760.5,PNS,0.020220358,0.9999924,0.9999994,0.9999596
201042601010052,824450501,38,77998.95,PNX,0.0136784585,0.99988616,0.99999595,0.9998573
208627305010016,862730501,16,65024.58,PNX,0.009594969,0.99992967,0.9999863,0.9999708
201129701010041,784860101,7,89168.62,PNS,0.017568868,0.99940896,0.9999583,0.99946135
201511002010022,555700101,17,94694.6,PNS,0.022921609,0.99938536,0.9999784,0.9999485
201080604010090,604960301,142,99392.78,PNS,0.0041221296,0.99999964,0.9999999,1.0
