Filename,Avg. Rate,PN Exp.,Variance,Chi2 Prob.
0761920301_08B.png,0.17967768,51705.77999997139,0.251470357179642,0.0
0029340201_003.png,0.02689777,55662.239999979734,0.901529371738434,0.0
0795580301_001.png,16.77633,28854.319999933243,0.0523459054529667,1.64093829419535e-28
0863230201_001.png,14.609863,47706.919999957085,0.0999721065163612,0.0
0761910201_007.png,0.0152946,56321.300000071526,1.68681418895721,0.0
0109120101_003.png,0.010087847,32785.760000005364,1.0796320438385,6.55667551457582e-42
0740340401_001.png,0.38065243,23275.659999996424,0.2425487190485,1.56209111708777e-26
0761510201_001.png,1.6847855,24000.0,0.152549117803574,2.20003858898996e-43
0840841301_001.png,0.0392259,24250.0,0.367946833372116,6.39250943845759e-11
0506490101_003.png,0.015504887,40346.200000047684,1.94470822811127,0.0
0840843101_003.png,0.019670004,24347.200000047684,0.571734309196472,2.92070756685928e-13
0720540501_002.png,0.08589444,23500.0,0.61562579870224,0.0
0794580701_001.png,2.218807,40374.639999985695,0.564497768878937,0.0
0089940301_010.png,0.03785108,45577.52000001073,0.368162482976913,1.82699653474526e-14
0109490501_02E.png,0.010733745,28370.560000002384,0.505845904350281,1.20413699278288e-06
0404720201_011.png,0.0040874663,28300.6400000453,0.900169730186462,2.34519892394758e-09
0101040101_001.png,19.964499,31465.10000000894,0.0978505834937096,0.0
0780090501_001.png,0.30705765,26000.0,0.209168612957001,1.84357197425931e-16
0098810101_005.png,0.038961016,20980.440000012517,0.361539363861084,7.31842586532139e-10
0823780601_001.png,3.6724508,48141.60000002384,0.115334279835224,0.0
0203542001_008.png,0.013545255,30000.559999972582,3.01724743843079,0.0
0740570101_06A.png,0.023227856,47895.5,0.185687258839607,0.043083768337965
0853000101_001.png,0.25438198,56378.0,0.665589690208435,0.0
0865010101_001.png,6.4173098,88130.23999989033,0.106093503534794,0.0
0020540401_002.png,0.033822343,47465.119999974966,1.03500080108643,0.0
0822530101_001.png,0.22445066,87722.00000017881,0.221629410982132,6.97947210249187e-23
0157360401_011.png,0.0014213006,32427.12000000477,19.582633972168,1.40739302878501e-07
0109060201_001.png,0.76789355,52790.560000017285,0.138984099030495,1.91402496535115e-17
0021750701_009.png,0.011917274,25500.0,1.51746392250061,0.0
0300800101_015.png,0.007198354,42288.360000014305,0.793222308158875,1.13646136945533e-09
0655590501_001.png,5.2077346,24367.399999976158,0.143956735730171,0.0
0602520501_001.png,0.10312761,54822.200000047684,0.335656315088272,1.73025694115169e-25
0795711501_001.png,1.2036662,22528.480000019073,0.109065651893616,3.79964930630194e-08
0101440301_004.png,0.2506317,40861.40000000596,0.174510166049004,6.69317795631841e-11
0841480601_002.png,0.0847584,58434.639999985695,0.299368113279343,4.12925254969845e-13
0790590201_001.png,0.86465716,52171.48000001907,0.815522313117981,0.0
0800971501_002.png,1.3617693,29500.0,0.183158755302429,0.0
0790180401_018.png,0.0042748367,34000.0,0.673881590366364,0.00559833785519004
0201530101_025.png,0.0017561577,40929.17999997735,--,--
0602520301_001.png,0.1286986,83787.84000003338,0.330573081970215,8.68805047881387e-44
0722610101_003.png,0.06039057,34816.74000006914,0.25568562746048,4.43923475756947e-08
0740570101_004.png,0.02428289,47895.5,1.14843213558197,0.0
0844050101_001.png,0.19246072,27750.0,0.22874841094017,9.43409414784079e-16
0136540101_001.png,311.84503,37394.840000003576,0.0475417524576187,0.0
0845140201_00B.png,0.012449753,55500.0,0.411991745233536,2.34555770362022e-07
0109480401_007.png,0.010004669,44246.439999982715,0.992932617664337,0.0
0112380101_002.png,0.21185523,42449.04000000656,0.480831742286682,0.0
0157360401_002.png,0.05238035,32425.19999998808,0.430624455213547,4.94588784769772e-16
0844930101_001.png,0.029831782,83208.24000000954,0.578838765621185,2.29473274454865e-15
0124930101_001.png,89.89531,37806.6800000146,0.0216290839016438,4.55710770101788e-27
0760350401_001.png,18.063856,84349.79999995232,0.0634130164980888,0.0
0743460301_00C.png,0.004373756,26750.0,0.85028463602066,1.04456399085961e-08
0601960201_005.png,0.023583667,32525.1400000453,0.764832556247711,2.97005209513645e-41
0503170301_042.png,0.0047111646,31794.359999984503,0.700955092906952,4.0028367038758e-06
0011420101_014.png,0.016454514,36347.54000000656,0.651433110237122,1.64714896567246e-24
0402560301_009.png,0.0026686434,63867.39999997616,--,--
0101440501_002.png,0.049410697,42472.62000000477,1.90869653224945,0.0
0503560201_001.png,0.06618444,60007.000000059605,0.847901523113251,0.0
0203770101_001.png,15.446965,45583.92000003159,0.0486196950078011,1.18176872130618e-16
0606321901_001.png,4.639792,6000.0,0.196714207530022,0.0
0093000101_02C.png,0.026836803,86500.72000002116,0.298467844724655,4.30017443875386e-08
0401920101_00A.png,0.006502357,42500.0,1.484001994133,0.0
0762870401_001.png,0.13715793,32585.56000006199,0.303106337785721,2.11149928191104e-18
0762920501_001.png,0.47787222,24039.040000140667,0.129512950778008,5.99548911850434e-06
0741800101_001.png,0.030273259,30000.0,0.949937641620636,0.0
0551850101_003.png,0.14713626,51500.0,0.492050886154175,0.0
0017940101_001.png,2.1864548,51079.12000000477,0.198843166232109,0.0
0720111101_001.png,5.392548,55255.24000000954,0.0639415979385376,1.77564636171662e-12
0764190101_00D.png,0.0032683,34786.34000009298,1.10958063602448,1.78085076640855e-06
0720750201_001.png,0.05494766,24752.80000001192,1.79880940914154,0.0
0135721901_004.png,0.025880001,31568.32000000775,0.319782435894012,8.84150995261734e-06
0764190901_00A.png,0.0051133633,25014.360000014305,1.355881690979,3.98985366274382e-20
0109490101_041.png,0.0057798717,30535.760000005364,0.72198486328125,5.78825565256125e-09
0101040101_049.png,0.091206476,31465.10000000894,0.140193626284599,3.53072096004325e-06
0852180101_001.png,0.037138455,35200.5,0.840351700782776,0.0
0093000101_00E.png,0.049960066,85801.38000001758,0.739942610263824,0.0
0311791901_002.png,0.017065551,59436.880000054836,0.731435716152191,1.29328037436112e-28
0157560101_001.png,6.039654,49881.439999997616,0.351270586252213,0.0
0761670501_001.png,9.058669,38305.639999985695,0.0501715317368507,4.70426371468324e-11
0852380101_001.png,2.3661792,26705.44000005722,0.122105427086353,6.62888746850868e-15
0802080301_001.png,0.021228185,38673.54000014067,0.386882603168488,7.2730699685053e-06
0886020701_00B.png,0.0063723647,32633.65999996662,1.56165587902069,2.95253586433239e-42
0764190101_001.png,0.06515223,34786.34000009298,0.311769157648087,1.24195098649693e-10
0128530801_00A.png,0.0070888037,26250.0,0.640836298465729,4.21170369691026e-07
0405380501_001.png,0.7675495,33000.0,0.284098654985428,0.0
0305560101_02F.png,0.0021354465,26000.0,1.39771509170532,3.03348451780039e-06
0201160201_00A.png,0.0046207993,37608.37999996543,0.947540283203125,6.69656265806339e-19
0109490301_062.png,0.0024679315,31668.40000000596,1.53415584564209,6.61547439051446e-09
0093000101_071.png,0.007045029,86500.72000002116,0.610848605632782,4.44691280868971e-15
0011420201_00B.png,0.044451136,38786.57999999076,1.65165972709656,0.0
0505760401_001.png,0.24571729,26995.280000030994,0.232861563563347,4.32373277391514e-19
0770580801_001.png,36.416824,29557.83999991417,0.0668666809797287,0.0
0823780701_001.png,2.6366127,46749.12000000477,0.147310346364975,0.0
0203900201_007.png,0.006490137,97484.77999997139,2.2107937335968,0.0
0654880201_001.png,0.07123646,35314.280000030994,0.662644624710083,0.0
0606321701_001.png,7.456358,38330.719999969006,0.412998229265213,0.0
0740920601_001.png,17.156649,30248.799999833107,0.148409977555275,0.0
0744290101_001.png,2.3990326,98832.11999988556,0.309581279754639,0.0
0110860101_001.png,0.5806895,36610.6400000155,0.966373145580292,0.0
0555350101_011.png,0.0057554743,30500.0,0.733991384506226,1.71051635078356e-08
0503560301_008.png,0.022613931,61326.17999997735,--,0.584269642829895
0720540501_09E.png,0.009116372,23500.0,0.576324880123138,6.6356125216771e-07
0605130101_134.png,0.002987481,54703.91999998689,1.07828164100647,2.05984829887429e-11
0402561001_00D.png,0.007694565,57556.2800000608,0.708332240581512,3.21184571994149e-11
0601210801_003.png,0.042738996,23000.0,0.339751929044724,2.10127364397295e-08
0827220301_01A.png,0.0036275857,38000.0,2.15949177742004,2.55126668927363e-24
0652330201_009.png,0.003700146,35500.0,1.08206045627594,4.25049560910033e-15
0804110401_001.png,0.022030832,31696.019999980927,0.632242679595947,8.32784626497679e-28
0693300101_001.png,0.06225927,43461.62000006437,1.27430272102356,0.0
0502050201_001.png,6.5953407,43345.68000006676,0.050793495029211,7.39579206765484e-08
0111570201_001.png,20.4293,54735.48000000417,0.190721824765205,0.0
0201830201_001.png,8.018723,21095.600000023842,0.0532340109348297,4.33370388464027e-07
0784521201_004.png,0.012002692,37000.0,0.460360169410706,5.74773821426788e-07
0863400901_001.png,4.125486,37214.12000000477,0.140546664595604,0.0
0101040101_04D.png,0.10769235,31465.10000000894,0.16620659828186,1.27353749768133e-09
0552080101_00C.png,0.0069130077,25558.200000077486,0.890618085861206,5.5148973495539e-14
0823780301_001.png,3.441612,45454.87999999523,0.156960010528564,0.0
0503560101_003.png,0.016064994,56464.32000005245,0.741612136363983,5.80669123153868e-25
0011420101_011.png,0.03061811,36347.54000000656,0.297483533620834,3.00106694339775e-06
0743010101_004.png,0.013055611,25750.0,1.54411244392395,0.0
0800050101_00F.png,0.002950832,46288.48000001907,0.994847893714905,5.67103296560036e-14
0800050101_001.png,0.13170223,46288.48000001907,0.295967102050781,6.15338950574097e-29
0109910101_001.png,0.17740542,45159.34000001103,0.157427296042442,3.26358531310689e-07
0205800201_005.png,0.0310797,36599.560000017285,0.728679597377777,6.66293760595236e-28
0760350601_001.png,21.258272,95279.27999985218,0.109713487327099,0.0
0109490301_00F.png,0.024018073,31668.40000000596,0.827454507350922,0.0
0135721701_003.png,0.12213977,31117.65999996662,0.279687792062759,9.52558641163846e-16
0601212701_001.png,0.019235918,35000.0,0.482133269309998,2.18174369087491e-13
0505140501_002.png,0.24031691,128690.47999998927,0.252379477024078,2.39738254844554e-30
0827220301_02A.png,0.0025925233,38000.0,0.79089081287384,4.18201989305089e-06
0723810101_008.png,0.003200226,36563.59999999404,2.05620408058167,2.93434859743869e-10
0854590901_001.png,0.14849919,23814.65999996662,0.508234620094299,0.0
0112530101_003.png,0.15250844,38183.90000000596,0.23493455350399,4.4433118127234e-19
0724030101_003.png,0.03343894,49175.28000000119,1.05737459659576,0.0
0804560201_001.png,1.0730453,44692.56000006199,0.101361192762852,6.10109573973006e-10
0107460601_001.png,5.89592,128752.72000002116,0.165052533149719,0.0
0304320801_001.png,1.8811113,61936.3599999845,0.0838315263390541,2.45018477729175e-10
0017940101_005.png,0.017304638,51079.12000000477,0.352125704288483,5.92820697420393e-07
0691550101_013.png,0.008017986,54768.93999996781,--,0.495216906070709
0790180801_001.png,0.4395121,20357.11999988556,0.434264868497849,0.0
0690200101_005.png,0.029201496,19942.680000007153,0.806859731674194,0.0
0402840101_002.png,0.019438608,34603.94000008702,1.16431152820587,0.0
0803660101_001.png,0.4159364,23672.139999985695,0.527018249034882,0.0
0842590901_001.png,1.2117325,3750.0,0.281671673059464,0.0
0604420101_001.png,0.012131873,75052.6399999857,1.34259164333344,0.0
0764640101_007.png,0.003818694,60508.06000012159,1.01134145259857,4.06247422363293e-21
0792380101_004.png,0.0122235175,36494.0,0.545415461063385,2.17043778782955e-11
0505210401_01E.png,0.0033311185,23750.0,1.04986929893494,3.18329114179505e-07
0089940301_014.png,0.028359165,47335.0000000149,0.480032742023468,7.41001581848249e-24
0503560501_001.png,0.07763678,50781.52000004053,0.604828238487244,0.0
0823432701_024.png,0.0026734667,43380.51999998093,0.944763362407684,9.60799525273615e-07
0153950601_00A.png,0.35206795,36733.3599999845,0.122752964496613,4.09511271880862e-21
0720700301_002.png,0.112575896,77273.12000000477,0.377192586660385,5.31374279085144e-28
0862470101_00B.png,0.0058405465,47232.299999952316,0.559525668621063,7.28183204046218e-06
0744413501_001.png,0.1665861,46500.0,0.19024957716465,1.78287159341428e-11
0307130201_009.png,0.009101464,28927.69999998808,0.502424597740173,8.50975811772514e-06
0791000201_001.png,10.50104,28386.599999904633,0.142587825655937,0.0
0158961001_001.png,45.02798,39806.87999999523,0.032497514039278,6.26660673246058e-42
0124930301_001.png,134.91388,44356.79999999702,0.0713756456971169,0.0
0864340101_001.png,13.346285,28086.079999923706,0.586668908596039,0.0
0093000101_03B.png,0.012203988,86500.72000002116,0.694338917732239,0.0
0065820101_00F.png,0.007959286,49788.51999998838,1.55930578708649,0.0
0110890401_001.png,13.29382,29250.0,0.122961767017841,0.0
0201160301_001.png,0.010012565,38572.79999999702,1.46255111694336,0.0
0204090101_001.png,0.3161098,31953.059999972582,0.200540527701378,1.57532775886537e-12
0503560601_001.png,0.12105594,53868.04000002146,0.319291770458221,2.97657439736022e-35
0503560501_011.png,0.005269113,50781.52000004053,0.817849099636078,2.06330532819265e-05
0201530101_002.png,0.12138828,41156.93999996781,0.817391514778137,0.0
0097820101_001.png,1.2603993,47579.839999996126,0.145167902112007,9.54461378331091e-38
0302480601_001.png,21.488047,37553.59999999404,0.0312151312828064,6.33293211649288e-07
0673270101_001.png,0.7659033,21650.080000042915,0.148267641663551,5.62531791981069e-13
0860302501_002.png,0.0848648,24750.0,1.74947333335876,0.0
0740000101_001.png,0.054597165,53172.48000001907,1.22867453098297,0.0
0791000101_001.png,39.314777,34448.11999988556,0.163169726729393,0.0
0654880101_009.png,0.0075178477,30000.0,1.21672713756561,1.12609053089646e-36
0740570201_016.png,0.0020996258,48527.34000003338,--,--
0112530101_009.png,0.045503087,38183.90000000596,1.06677734851837,0.0
0605130101_0E4.png,0.0022022142,54703.91999998689,1.85438358783722,1.8213311969717e-09
0109490301_022.png,0.008609662,31669.859999991953,0.7709641456604,3.61783230123599e-16
0501110201_00A.png,0.0073503423,42500.0,0.682543754577637,7.243455115713e-07
0065820101_00A.png,0.02435668,49942.15999998897,0.443187355995178,3.15128062465769e-15
0811213301_001.png,11.78405,56171.03999996185,0.353273421525955,0.0
0679580201_002.png,0.13892198,25500.0,0.371942102909088,4.87140093387543e-31
0720600101_008.png,0.0014722173,46148.700000047684,1.07524836063385,1.34574162924395e-09
0118700601_04C.png,0.04923844,51405.82000000775,0.341526180505753,3.27979132741518e-09
0090070101_004.png,0.02100099,31109.599999964237,1.14871549606323,0.0
0118700601_04A.png,0.05015745,51405.82000000775,0.286859631538391,4.09128109168932e-09
0744070101_004.png,0.018081727,50464.79999998212,1.06102454662323,0.0
0601211401_002.png,0.091072746,36942.74000000954,0.23291277885437,7.56627187570302e-08
0112880701_025.png,0.21301627,49839.0,0.192416816949844,0.0
0822040501_009.png,0.0162993,21750.0,0.737623989582062,2.50795888449673e-19
0743950101_001.png,0.104230836,66806.81999996305,0.267091244459152,6.41230180065122e-10
0205090101_001.png,0.05594601,24000.0,0.257615596055984,4.51642836196697e-06
0822580601_009.png,0.00986051,53094.200000047684,0.508904337882996,1.51905067014013e-06
0556180101_003.png,0.016108371,20000.0,1.67825746536255,0.0
0793183001_00C.png,0.0077582705,39989.89999997616,0.71271425485611,1.98827669010016e-14
0720540601_00E.png,0.029695982,24295.319999963045,1.66520476341248,0.0
0691610301_003.png,0.05535079,31559.000000089407,0.461740672588348,1.52817047996288e-18
0780090501_008.png,0.03710647,26000.0,0.513752818107605,3.16277838647192e-21
0135722101_003.png,0.16336326,29687.67999997735,0.255103528499603,5.20969952019692e-14
0823780201_001.png,3.8942487,50304.80000013113,0.0920903757214546,1.05517774363659e-42
0400130201_003.png,0.063955836,27675.659999981523,0.250880032777786,3.28166402141505e-06
0086770101_001.png,0.5285111,43882.71999999136,0.113044522702694,5.18474564614735e-07
0503560701_008.png,0.03775578,54198.68000000715,1.14829444885254,0.0
0673730101_001.png,1.2266893,90624.72000002861,0.0944063141942024,2.19096477849234e-06
0605540301_002.png,0.05510188,60706.81999999285,0.234279975295067,7.23579387340578e-06
0672060101_00E.png,0.0076250224,40016.780000030994,0.728816270828247,4.33621444338996e-16
0606322201_001.png,10.065607,40900.719999969006,0.44575247168541,0.0
0303900301_007.png,0.0071649696,27744.639999985695,1.07207250595093,4.07899381210331e-19
0670130401_001.png,42.34587,62524.919999957085,0.185936838388443,0.0
0112560301_058.png,0.0030802295,34132.10000000894,2.83469128608704,1.95927360435982e-14
0691670101_00E.png,0.008703906,55992.29999998212,1.96969652175903,0.0
0402560601_001.png,0.30963364,56830.6400000453,0.180923014879227,6.65659888321457e-12
0154350101_002.png,0.028718468,34314.39999999851,0.47978287935257,3.09127453427315e-17
0065820101_002.png,0.079328306,49910.04000000656,1.4925149679184,0.0
0203540701_004.png,0.0057350975,29913.09999999404,--,--
0690200501_00F.png,0.067648165,41745.000000059605,0.523340463638306,0.0
0721400201_006.png,0.026983976,43935.000000059605,0.428672879934311,6.61572130411514e-10
0823810201_001.png,6.724142,51034.43999993801,0.0539786629378796,9.98732161860971e-07
0502430201_001.png,1.0486219,55598.37999999523,0.138985738158226,1.71063328820227e-19
0099280101_001.png,226.47292,31245.760000012815,0.089912474155426,0.0
0651360401_00C.png,0.006660969,30562.480000078678,0.683256089687347,1.06149464329519e-07
0205340201_001.png,6.2307973,45789.48000001907,0.12944358587265,0.0
0780690201_001.png,0.77573127,75236.80000007153,0.216326341032982,0.0
0149610401_003.png,0.029200848,31031.79999998212,0.980551838874817,0.0
0720173801_004.png,0.004573753,43776.96000003815,2.03783345222473,0.0
0551920101_001.png,9.396683,46203.40000003576,0.245653077960014,0.0
0093000101_009.png,0.114054084,86369.32000000775,0.29177650809288,6.92149808205379e-33
0690200501_03C.png,0.011910942,37108.119999974966,0.581876814365387,6.41751585206407e-09
0500980101_002.png,0.07514254,24000.0,0.295708805322647,4.40644178922867e-08
0827050801_00E.png,0.011540864,56603.419999957085,0.570739448070526,2.24840164264606e-06
0744412501_00F.png,0.0052773547,29988.240000009537,1.38560914993286,5.38151266506069e-21
0760740401_001.png,0.18955998,24000.100000083447,0.281409531831741,1.41608105551862e-23
0801880301_016.png,0.0029961674,27250.0,1.67662537097931,2.59183894064221e-20
0744410601_003.png,0.06509029,29500.0,0.286108195781708,1.27040000741374e-09
0801680101_004.png,0.011181528,24790.540000140667,0.946600615978241,3.18947841955194e-19
0720750301_003.png,0.02119415,41500.0,0.301592797040939,6.04337128606858e-06
0690200501_00C.png,0.06446644,41745.000000059605,0.26327383518219,5.60594859422281e-09
0112530101_00D.png,0.03625203,38183.90000000596,0.379961341619492,2.31059788340896e-16
0804550101_001.png,0.15080342,32533.94000005722,0.234369307756424,8.72592505250878e-15
0690742401_002.png,0.02641335,29253.37999996543,0.369553416967392,7.37990944799094e-07
0741800301_004.png,0.018098185,33025.4999999702,0.437142014503479,2.36845539802744e-06
0690743801_001.png,0.053472083,26104.540000021458,1.17162322998047,0.0
0658801301_001.png,275.87198,27250.0,0.058846790343523,0.0
0764191001_003.png,0.0617784,30040.360000014305,0.438808262348175,7.9320410294052e-30
0763180301_002.png,0.059185777,30750.0,1.23269248008728,0.0
0601210601_003.png,0.08319194,36701.34000003338,0.293568849563599,9.96801077823069e-15
0650560301_044.png,0.011945113,31506.760000050068,0.633671164512634,2.71487863301445e-07
0841660401_002.png,0.026589034,40122.32000005245,0.516355991363525,2.88048429729961e-16
0112380101_001.png,1.5051405,42450.49999999255,1.41478955745697,0.0
0305540701_001.png,0.3728779,108178.59999996424,0.294084668159485,0.0
0670130601_001.png,43.132225,60304.68000000715,0.238023936748505,0.0
0880550301_001.png,21.169424,50099.359999895096,0.0921022295951843,0.0
0670170501_001.png,0.13388747,46067.98000001907,0.493519932031631,0.0
0305590301_009.png,0.0037184274,26750.0,1.15680634975433,4.07000042663367e-14
0412980301_003.png,0.1479117,36651.19999998808,0.278607368469238,5.0697961781921e-19
0802200301_001.png,1.1002257,23500.0,0.0985401496291161,6.10059805694618e-06
0721400301_002.png,0.03566466,50000.0,1.03771507740021,0.0
0690470101_008.png,0.006721866,37658.80000001192,0.677840948104858,5.06067808601074e-05
0655310201_001.png,6.356284,52878.27999997139,0.0916155353188515,2.7670504707648e-38
0748391101_00C.png,0.0064761057,49883.51999998093,--,0.682074546813965
0821830101_013.png,0.0027750144,68181.84000003338,0.224074766039848,0.342090904712677
0742150101_00C.png,0.0110135,35965.25999999046,1.19866609573364,0.0
0679580301_001.png,0.048696086,26863.180000007153,0.521488606929779,4.25949745241064e-33
0790640101_001.png,30.813824,10695.519999861717,0.0702558979392052,0.0
0093190301_001.png,0.07980577,30117.5,0.237032189965248,8.66290008616488e-08
0781830601_005.png,0.009244584,44250.0,0.577444672584534,1.18586813546012e-12
0110880101_00E.png,0.0685179,42518.3599999547,0.382487565279007,7.15678072187921e-18
0690743701_020.png,0.003413081,29500.0,0.838163077831268,2.41171937886975e-06
0720540601_10E.png,0.0073186145,24296.780000030994,0.797906219959259,7.1073589721915e-12
0086360301_008.png,0.030366492,70799.18000000715,0.700393617153168,1.41934431725114e-33
0311792101_002.png,1.1783447,34788.42000001669,0.557323396205902,0.0
0827031101_002.png,0.024625659,33250.0,0.315183877944946,5.88092416364816e-06
0864380101_001.png,0.44530994,29250.0,0.176430746912956,7.93494046066275e-17
0024940201_007.png,0.008700566,22624.460000008345,1.38920104503632,0.0
0300240401_001.png,7.0516734,25000.0,0.0898158922791481,1.26153474915509e-37
0017740401_002.png,0.010661089,26000.0,0.686024010181427,7.14946418040041e-12
0830192001_004.png,0.0061150147,54250.0,0.571489155292511,4.01518661874434e-07
0202860101_001.png,1.7127547,56487.59999996424,0.0792776569724083,6.3917411807779e-08
0305570101_001.png,0.29203403,30500.0,0.229275658726692,3.18694303404475e-24
0692810401_018.png,0.0049551665,43585.62000000477,0.975329875946045,1.13555048434453e-17
0109490101_016.png,0.009184901,30532.840000003576,0.612952888011932,5.54927169105213e-07
0093000101_020.png,0.09154124,86500.72000002116,0.243924200534821,3.64071866425108e-23
0093200101_022.png,0.0039060183,39893.32000000775,0.974264800548553,1.15453332658055e-11
0601211401_001.png,0.37994012,42347.6400000453,--,2.00083761659678e-31
0500980201_001.png,0.51034266,26805.34000003338,0.336856991052628,0.0
0780090701_00D.png,0.015097159,22000.0,0.558068156242371,6.36672226050905e-08
0124710801_001.png,0.103423394,23727.759999990463,1.03399991989136,0.0
0840440201_003.png,0.03188828,76236.51999998093,0.382050544023514,2.78625179817027e-07
0890660101_009.png,0.032411836,28991.240000009537,--,0.0
0853980201_001.png,0.9408293,51210.51999998093,0.225782454013824,0.0
0694641001_05E.png,0.0020001463,45966.54000002146,1.74655270576477,1.61310045030029e-15
0605130101_021.png,0.01567478,54703.91999998689,0.418407946825027,3.42528380770091e-07
0109270101_043.png,0.008112519,52403.88000001013,1.1225723028183,7.39511415586418e-27
0200000101_001.png,0.21454147,29312.280000001192,0.988079905509949,0.0
0694530201_002.png,0.06543076,35212.30000001192,0.315006822347641,1.85941926190026e-14
0200360201_002.png,0.4619645,39838.89999997616,0.35218757390976,0.0
0158960101_001.png,31.136265,26608.240000009537,0.0452517457306385,1.40129846432482e-45
0503560501_008.png,0.026035834,50750.0,0.962786912918091,2.10865635122805e-35
0201910101_006.png,0.010513639,75588.91999998689,0.46933051943779,8.38108735479182e-06
0870820101_001.png,0.10712935,53575.34000003338,0.235649287700653,1.07526864212559e-06
0691610201_001.png,0.083829485,33500.0,0.554476082324982,4.64119663116996e-33
0823680101_001.png,0.47505093,48406.639999985695,0.999030411243439,0.0
0101440301_00A.png,0.074775875,40861.40000000596,0.346387475728989,7.14999217715683e-25
0158970101_001.png,230.18358,17738.080000013113,0.0542240254580975,0.0
0724840301_001.png,0.614065,72884.36000007391,0.324012279510498,0.0
0653450401_001.png,0.38212773,30811.84000003338,0.131324395537376,9.90639478004596e-07
0761120701_001.png,0.9076447,29879.180000126362,0.529460966587067,0.0
0770190701_006.png,0.048112623,55960.08000010252,0.23087066411972,2.83867325379106e-06
0804520301_002.png,0.009703266,36526.87999999523,0.674539387226105,1.47791226368099e-07
0862470101_003.png,0.011756452,47232.299999952316,0.622192084789276,5.75288771830268e-18
0502460301_001.png,0.05445844,39923.6400000453,0.246784150600433,8.69113634394125e-08
0158961301_001.png,89.75988,59724.75999999046,0.0942343100905418,0.0
0411780101_001.png,50.751873,29911.480000019073,0.0487301349639893,0.0
0021140201_013.png,0.0051694573,40564.340000003576,0.694466173648834,2.80448534795141e-06
0553510801_006.png,0.0033658745,24500.0,1.18203032016754,3.70040248443004e-11
0604820101_087.png,0.0030313262,43787.380000054836,2.64482188224792,8.94217691893573e-07
0604300801_02F.png,0.0030931283,37057.280000030994,0.977717876434326,2.12399939414354e-07
0601212101_006.png,0.00686416,32250.0,0.651532709598541,8.60404085756272e-08
0740570201_005.png,0.015274249,48296.82000011206,0.67193877696991,6.13616537064673e-19
0205370101_001.png,2.0530899,40753.02000001073,0.249543890357018,0.0
0096020101_001.png,15.520203,38829.40000000596,0.186759114265442,0.0
0793183101_001.png,2.2859962,45257.39999985695,0.611392557621002,0.0
0720540401_072.png,0.023246454,19831.519999951124,1.16820132732391,0.0
0651710101_01A.png,0.0015947573,49965.93999996781,1.40240454673767,2.99880120735452e-08
0412983201_003.png,0.14396651,35651.199999928474,0.239839255809784,5.02493255338798e-11
0550350101_001.png,1.3525978,27748.300000041723,0.18773652613163,0.0
0085590201_001.png,0.109140195,39750.0,0.979017913341522,0.0
0823780501_001.png,3.8585315,45761.84000003338,0.110826812684536,0.0
0109060301_008.png,0.029612912,54300.74000000954,0.33018097281456,8.2613492435879e-11
0101440301_007.png,0.11730756,40862.85999999195,0.17702117562294,5.01887234349851e-06
0503560301_013.png,0.0069523114,61326.17999997735,--,--
0652280201_002.png,0.121520326,31897.24000006914,0.335239946842194,8.63272398326334e-33
0551851201_017.png,0.0030802023,84566.30000004172,1.41587281227112,4.07439964940096e-28
0057570101_004.png,0.0141767515,45809.640000000596,0.968695342540741,4.14081909909654e-27
0561580201_001.png,9.024045,60724.95999997854,0.0506464689970016,6.26899465498709e-13
0845030201_03A.png,0.0073018507,31014.180000126362,0.99353414773941,1.07599416266472e-18
0763480101_001.png,0.44962803,99611.3600000143,0.740324556827545,0.0
0722370201_001.png,0.5992267,49886.139999985695,0.293416053056717,0.0
0553510201_007.png,0.008526906,24988.819999963045,0.74078506231308,4.61933268525172e-06
0552170301_001.png,8.702311,115565.22000008821,0.0476654209196568,5.46506401086679e-44
0724431101_001.png,4.2629037,38400.96000003815,1.30040109157562,0.0
0793183001_017.png,0.005871294,39989.89999997616,1.71398413181305,0.0
0720540401_1BE.png,0.0055410615,19831.519999951124,1.68467807769775,5.25418660220793e-23
0604820301_012.png,0.0018775904,42627.25999996066,1.419797539711,6.77301437157496e-10
0011420101_05D.png,0.0051156217,36109.21999999136,1.75125634670258,0.0
0791010301_001.png,0.95020026,78945.70000004768,0.249345526099205,0.0
0830551101_001.png,2.0713904,60818.23999989033,0.344260007143021,0.0
0201160101_002.png,0.032966956,39804.88000001013,2.14472532272339,0.0
0109540101_004.png,0.019241948,50271.819999977946,0.317035138607025,8.68009522037028e-07
0405210101_001.png,0.24307346,28000.0,0.580294072628021,0.0
0674380201_003.png,0.012724856,41574.04000005126,0.246583789587021,0.038312703371048
0503560601_012.png,0.0052912594,53868.04000002146,0.696177959442139,2.07762923309929e-07
0870790101_006.png,0.016985185,24233.240000009537,0.496110022068024,1.57147557189319e-08
0823594201_002.png,0.041570403,48730.75999999046,0.876455843448639,3.64461335378852e-39
0850980101_001.png,181.44904,41743.75999981165,0.00987579394131899,6.71001956220607e-08
0084100101_012.png,0.022809776,29783.920000001788,0.417613476514816,4.5686752159213e-09
0605130101_126.png,0.0062205973,54703.91999998689,--,0.537551283836365
0690751401_02D.png,0.0033872398,25991.439999997616,1.2120156288147,6.90521320678705e-11
0740020101_012.png,0.006594854,46846.76000005007,1.096076130867,8.29297259367752e-39
0101440301_027.png,0.014140189,40862.85999999195,0.749388337135315,1.04717701132833e-30
0804860201_001.png,0.19888863,31024.519999980927,0.203140124678612,7.76562581600304e-12
0305540901_00E.png,0.019252542,58638.17999997735,0.697168529033661,2.15772062073535e-22
0764191401_001.png,0.03519304,27500.0,1.21424472332001,0.0
0781710401_001.png,0.11674241,46500.0,0.428561985492706,0.0
0200780301_003.png,0.030473176,29812.09999999404,0.317694336175919,1.4286260920926e-06
0047940101_001.png,1.1531613,56482.79999999702,0.0891953706741333,1.01547027497872e-06
0086360401_004.png,0.39081955,40957.55999999493,0.49602797627449,0.0
0112530101_002.png,0.25402084,38183.90000000596,0.384603500366211,0.0
0827340901_00E.png,0.0047892,42662.60000002384,1.07031035423279,2.72286963070184e-17
0401210401_001.png,28.491972,51651.080000042915,0.118631355464458,0.0
0094380101_001.png,0.087342255,29747.939999990165,0.26571199297905,2.85536611716042e-11
0606320201_001.png,19.036776,44175.839999973774,0.403052777051926,0.0
0872391301_001.png,14.218585,28510.519999980927,0.062319453805685,1.90907605871418e-38
0503740101_008.png,0.008224989,50132.72000002861,0.622174739837646,2.79113992291968e-05
0200780301_002.png,0.18191004,29810.639999985695,0.264449805021286,2.00541300539936e-24
0503560201_017.png,0.002654531,60007.000000059605,0.660896241664886,9.36662490857998e-06
0823780401_001.png,5.84292,45365.03999996185,0.102646790444851,0.0
0405210601_005.png,0.03921485,37000.0,0.739511549472809,0.0
0112530101_006.png,0.03470155,38183.90000000596,0.310946822166443,5.34053867795592e-09
0606321601_001.png,35.512836,41270.80000001192,0.458755344152451,0.0
0404720201_002.png,0.02515352,28500.0,2.06659626960754,0.0
0554140401_002.png,0.006897663,24250.0,1.8677864074707,2.70126305931558e-35
0783530301_001.png,0.017922457,49365.699999928474,0.443729728460312,4.16230477640056e-07
0556260301_025.png,0.002938136,59858.48000001907,1.31731688976288,1.01356398829466e-08
0691990101_150.png,0.0026048056,29953.5,0.997417032718658,1.20633771416578e-07
0810880101_003.png,0.13324149,35521.31999993324,0.216844156384468,9.99857761030398e-08
0744930101_006.png,0.010567988,29851.780000060797,1.18839919567108,8.20403163980614e-35
0206390101_005.png,0.040421225,51629.52000002563,0.26748126745224,2.084093431165e-08
0843740101_003.png,0.022073038,29744.139999985695,0.350872427225113,8.66601021698443e-06
0820460201_003.png,1.3809015,30250.0,0.261156260967255,0.0
0823991001_002.png,0.13913573,22750.0,0.30914905667305,2.59646100618531e-19
0144490101_002.png,0.028351728,46980.0,0.673080801963806,8.1232558825425e-27
0672530301_001.png,2.3305814,26750.0,0.11486829072237,5.6299095358635e-18
0100640201_00E.png,0.0047255717,51466.40000002831,1.55159223079681,0.0
0790990101_001.png,5.8958654,30447.08000010252,0.0880393534898758,1.3173487160613e-26
0144840101_001.png,1.4810075,38698.10000000894,0.208748757839203,0.0
0824930801_006.png,0.0069953636,24750.0,0.661344885826111,8.56650956393423e-07
0760350701_001.png,20.664755,96362.87999987602,0.162174820899963,0.0
0670170401_001.png,0.08009522,46581.32000005245,0.2597776055336,1.92514698572812e-14
0092140101_011.png,0.0023334161,30597.80000001192,1.12342393398285,3.61088936529086e-08
0556260301_00B.png,0.008447391,59858.48000001907,0.760132491588593,1.38763312073792e-20
0830550801_001.png,4.5471377,54650.479999899864,0.151454865932465,0.0
0154350201_001.png,0.12401011,23000.0,0.237984672188759,2.96179053504986e-10
0740020101_00E.png,0.0059254663,46843.84000003338,0.8645139336586,3.93667330350929e-18
0086360301_003.png,0.25030604,70799.18000000715,0.180115908384323,1.32644839556662e-10
0089940301_004.png,0.16962194,47335.0000000149,1.92258012294769,0.0
0761510301_001.png,1.2072686,34931.58000010252,0.0998497158288956,4.45889725142479e-09
0781830601_015.png,0.0020085447,44250.0,1.99650132656097,4.23285735618107e-31
0201230101_00B.png,0.003626478,32065.539999961853,1.43908548355103,1.14217830019709e-26
0109490501_03C.png,0.005858772,28370.560000002384,1.14869630336761,1.19264649086097e-22
0551851201_015.png,0.0016890883,83509.66000005603,2.13427567481995,0.0
0830551001_001.png,4.7157817,51080.51999998093,0.258273810148239,0.0
0672060101_033.png,0.0031556452,40016.780000030994,1.65022552013397,1.11908379989044e-17
0801680801_004.png,0.0050084083,26872.12000000477,1.60150623321533,2.94265979301552e-38
0128530801_002.png,0.035000548,26250.0,1.55972933769226,0.0
0831790301_001.png,48.374466,55908.919999837875,0.290920853614807,0.0
0723570401_002.png,0.019928783,26250.0,0.360008388757706,2.73393652605591e-05
0674490401_001.png,0.26294935,24253.76000007987,0.264941066503525,5.32474356402682e-25
0503560301_004.png,0.023649814,60177.160000026226,0.981386661529541,0.0
0690744201_002.png,0.023722118,29129.07999995351,2.40648818016052,0.0
0654880201_003.png,0.031779133,35282.160000026226,1.10091722011566,0.0
0207260101_001.png,1.7022463,49934.960000008345,0.539392709732056,0.0
0652290101_001.png,0.05183654,67276.72000002861,0.499810993671417,1.62856064173228e-24
0093000101_013.png,0.047092896,86369.32000000775,0.29868671298027,2.47068979858378e-11
0503560401_005.png,0.018016532,56169.22000002861,0.620556652545929,4.16736441338716e-24
0504100201_001.png,2.2827134,19894.44000005722,0.0944532677531242,1.10682755405378e-07
0843020601_001.png,10.595549,51617.839999973774,0.118800133466721,0.0
0008820401_001.png,0.30870628,50368.239999987185,0.238378494977951,6.23731445212714e-34
0303340101_001.png,2.8733597,51994.45999997854,0.139584302902222,0.0
0140190101_001.png,1.9588511,27570.819999992847,0.151530936360359,7.08043281039792e-36
0761920601_010.png,0.012709094,79918.32000011206,0.386833071708679,7.92833307059482e-05
0740570201_001.png,0.35901406,48298.27999997139,0.202171087265015,7.69699749068657e-18
0110890201_00A.png,0.006837184,40631.59999998659,0.834552347660065,2.51867260381289e-09
0781830601_003.png,0.014936484,44250.0,0.411975979804993,2.31745178602694e-09
0672060101_088.png,0.0019870256,40015.319999963045,1.14766061306,1.67976432763339e-09
0748391101_002.png,0.16241297,49753.67999994755,0.174178704619408,2.31888980239958e-10
0109930101_004.png,0.085060865,48114.52000001073,0.282101362943649,7.12281253943681e-14
0601741001_001.png,1.3317231,21803.780000001192,0.192278116941452,0.0
0510990101_002.png,0.0051424527,50659.480000048876,0.922354340553284,2.98048599689515e-11
0822340201_004.png,0.016986707,49662.65999996662,0.136601239442825,0.332282036542892
0692810301_003.png,0.020188684,48431.84000003338,2.50654816627502,0.0
0604060101_001.png,0.6277577,50905.24000000954,0.170639827847481,5.38478572426801e-27
0091140201_010.png,0.0036151554,27871.219999998808,1.69780695438385,1.96797571787593e-22
0122340601_04D.png,0.0024331426,33828.10000000894,1.28447794914246,9.81666214983079e-09
0201160201_019.png,0.0037908133,37608.37999996543,1.4175660610199,2.8295565527711e-26
0403760701_002.png,0.041788846,52981.280000030994,0.316490113735199,1.59793398779584e-06
0402360101_004.png,0.039220877,61842.87999996543,0.410278022289276,1.90781520359451e-06
0098810101_002.png,0.18298724,20980.440000012517,0.97242945432663,0.0
0065820101_003.png,0.08484797,49788.51999998838,0.262585580348969,7.95560506361426e-10
0093000101_00C.png,0.055679057,86500.72000002116,0.321455240249634,4.00382010332359e-18
0084190201_001.png,0.19372253,45731.859999999404,0.228317648172379,3.06256694160128e-18
0761590301_001.png,0.24921831,21959.060000121593,1.23982489109039,0.0
0882060601_002.png,0.23152757,40648.0,1.27369868755341,0.0
0763090201_002.png,0.09195664,70627.53999996185,0.594831228256226,0.0
0101440301_02A.png,0.009349851,40862.85999999195,0.583403289318085,6.27412965331642e-12
0554540201_010.png,0.0031518342,48931.12000006437,2.24120235443115,0.0
0674180101_00C.png,0.012153241,55363.539999991655,0.842943727970123,1.09420503733157e-31
0601670101_021.png,0.002178868,56817.12000000477,1.69823825359344,3.05676800018879e-16
0741800201_001.png,2.7613053,34614.060000002384,0.115847706794739,0.0
0503560701_01F.png,0.01915304,54198.68000000715,0.956031441688538,6.02327610150223e-35
0093000101_006.png,0.12676734,86500.72000002116,0.324172914028168,4.20389539297445e-45
0101440301_005.png,0.18630491,40862.85999999195,0.365808486938477,0.0
0744290201_001.png,2.1523802,95325.7999998331,0.242138907313347,0.0
0109490601_03C.png,0.0044734497,30170.439999990165,0.927932381629944,6.70769050113013e-13
0720540401_1E1.png,0.0031340632,19831.519999951124,1.1422483921051,9.7633846962708e-07
0093000101_022.png,0.031483598,86369.32000000775,0.441500127315521,2.59639022330556e-26
0065820101_007.png,0.026260478,49792.90000000596,0.537761092185974,4.24514168102089e-23
0802220201_001.png,0.29359204,44644.96000009775,0.144315719604492,2.10408845902066e-08
0823810301_001.png,6.4426675,50933.31999981403,0.0495051518082619,5.60804346605437e-06
0653450201_014.png,0.002931561,37315.62000000477,0.851049959659576,6.03187982051168e-06
0760440101_001.png,0.047815897,22250.0,0.725082874298096,0.0
0553880301_001.png,0.42238235,50805.41999998689,0.158457532525063,3.7868424840326e-08
0553880201_001.png,0.378452,39427.6400000155,0.173303350806236,1.24567045567403e-09
0693781401_001.png,15.182922,48288.84000003338,0.249100908637047,0.0
0748020401_001.png,0.3577186,25241.479999899864,0.242182210087776,1.6545044307496e-19
0882060301_004.png,0.05322638,38648.860000014305,0.29181182384491,5.54631729432487e-10
0863230101_001.png,39.6366,44901.079999923706,0.0529542863368988,0.0
0304000201_001.png,0.08763,38551.87999999523,0.968439698219299,0.0
0093000101_00F.png,0.053885784,86500.72000002116,0.282133996486664,1.96246890266094e-11
0500980201_002.png,0.11067625,26960.100000023842,0.254392772912979,2.01013001799311e-08
0412982101_003.png,0.15959054,31603.399999976158,0.188231661915779,5.40483461008989e-06
0827200101_004.png,0.015585771,29750.0,1.58866322040558,0.0
0093000101_012.png,0.055120394,86369.32000000775,0.310856580734253,1.64990276130906e-15
0110890201_001.png,1.3753968,40628.68000000715,0.439707309007645,0.0
0670040101_001.png,5.4030466,29847.540000021458,0.100326724350452,0.0
0782520301_001.png,9.19681,65617.4399998188,0.327605605125427,0.0
0781410101_002.png,0.029592229,52944.20000010729,1.95810079574585,0.0
0741390201_001.png,4.7523556,23250.0,0.116246074438095,3.78838237233286e-40
0164570401_001.png,0.056816768,51125.239999979734,0.402763843536377,9.85697182468919e-25
0679580301_00A.png,0.0042975154,26863.180000007153,1.08051633834839,2.68282846025564e-13
0093000101_08D.png,0.003959859,85801.38000001758,0.853997945785522,3.39489997713827e-05
0093000101_03F.png,0.017552353,86369.32000000775,0.308917999267578,1.46554532420851e-06
0764650101_001.png,12.610265,47444.51999986172,0.726172626018524,0.0
0300210401_002.png,0.2646861,36918.25999997556,0.219647347927094,1.40462881465873e-22
0690752001_003.png,0.061745964,25023.62000000477,0.941905081272125,0.0
0503560401_001.png,0.045486163,56169.22000002861,0.669394075870514,0.0
0823432701_00B.png,0.006684178,43380.51999998093,0.531186103820801,5.50695290257863e-07
0672060101_017.png,0.005504935,40015.319999963045,0.880500674247742,9.45206152930256e-13
0840380201_004.png,0.023705646,38155.89999997616,0.805536866188049,9.10844001811131e-44
0840440101_007.png,0.009911968,71433.5600001216,1.27503132820129,0.0
0804300901_006.png,0.012344423,41723.37999999523,0.502283096313477,1.5477548004128e-05
0862470701_01C.png,0.0050929636,39604.720000088215,--,0.924689412117004
0601270501_001.png,0.83352476,27443.67999997735,0.284193754196167,0.0
0304000201_002.png,0.016933905,38553.34000001848,0.528342247009277,1.09715426847845e-12
0670130301_001.png,41.03102,55307.95999997854,0.170854836702347,0.0
0505720301_068.png,0.0049122404,25287.34000003338,1.30338740348816,2.05988954963605e-21
0656780501_01F.png,0.0026360983,31947.740000009537,1.27587950229645,1.37075108208595e-11
0720540601_008.png,0.058189135,24296.780000030994,0.534139573574066,3.09153077051571e-30
0700382001_002.png,0.16766125,53835.780000030994,0.262421429157257,2.36641976393415e-29
0864270101_002.png,0.08909993,107161.41999995708,0.332078874111176,2.76997403651117e-24
0803460101_003.png,0.018567154,52938.200000047684,0.468886643648148,2.68686375232141e-11
0506200301_001.png,2.297008,38500.0,0.662783563137054,0.0
0149160201_001.png,0.29645017,27832.10000000894,0.395543336868286,0.0
0112420101_00C.png,0.012414654,41493.90000000596,0.595272779464722,1.78300774210209e-13
0761120901_001.png,0.4900688,31577.5,0.518043398857117,0.0
0401211001_001.png,25.534248,68051.07999998331,0.0985599532723427,0.0
0606320101_001.png,11.984921,45153.600000053644,0.302244752645493,0.0
0124710101_002.png,0.053886846,29102.359999991953,0.573698282241821,2.2145096581012e-38
0804690101_004.png,0.00752397,33962.56000012159,0.842637479305267,1.06511820254651e-15
0112170301_001.png,23.559769,23092.760000005364,0.0462702475488186,2.22824201219973e-27
0693750101_015.png,0.002322492,29802.09999999404,1.98186731338501,5.67116172327428e-26
0501230201_003.png,0.024083816,24886.180000066757,0.461796551942825,1.15950105072926e-09
0412981401_003.png,0.13826206,34500.0,0.204572886228561,1.07426092199603e-06
0794581301_001.png,0.85912645,38592.30000013113,0.391697436571121,0.0
0830191101_001.png,8.158087,44491.51999998093,0.573594629764557,0.0
0201160501_003.png,0.0037829536,39969.07999998331,1.54192745685577,1.52379313594214e-12
0112560301_00C.png,0.014430344,33382.10000000894,0.740227699279785,5.11709078103393e-23
0412380201_040.png,2.061111,33639.65999993682,0.0149252163246274,0.291535794734955
0412980201_003.png,0.19304705,35902.04000002146,0.298025876283646,1.24143553098675e-21
0089940301_009.png,0.04302798,46124.660000003874,0.971739530563354,0.0
0101440301_014.png,0.0328692,40861.40000000596,0.454186469316483,3.90125756979851e-24
0672060101_00C.png,0.008430563,40015.319999963045,1.13151550292969,0.0
0822580501_006.png,0.010127078,40520.82000005245,0.564933180809021,1.37574417635733e-07
0764800901_007.png,0.021946792,49885.799999952316,0.420104891061783,1.14435279030545e-08
0801681401_003.png,0.019401288,25000.0,0.394785195589066,1.92191350834037e-06
0692810301_028.png,0.0021304998,48433.29999998212,1.11268997192383,2.00810235106985e-09
0041750101_008.png,0.013360328,49306.52000002563,0.833125531673431,2.1278100609448e-39
0147920101_003.png,0.04420347,25000.639999985695,0.348451018333435,2.42219009294331e-08
0201160101_001.png,1.2739304,39804.88000001013,0.492301613092422,0.0
0827220601_009.png,0.008256068,32060.46000009775,0.775922954082489,1.31356029810515e-16
0551851201_001.png,0.96706915,83509.66000005603,0.408031493425369,0.0
0502050101_001.png,8.126852,57719.44000005722,0.0861544013023376,0.0
0840440201_006.png,0.014240165,76252.5600001216,0.486436158418655,4.39304059796086e-09
0500670301_003.png,1.3540884,22500.0,0.249030336737633,0.0
0721570101_002.png,0.014261532,70337.06000000238,1.28310883045197,0.0
0602020101_01A.png,0.0046454375,34800.18000000715,0.8424232006073,1.39934401843789e-08
0201160201_004.png,0.0142401075,37606.919999957085,0.590025961399078,5.17385705021492e-19
0605950101_005.png,0.114932604,46281.399999946356,0.686442494392395,0.0
0140550601_003.png,0.051572163,20169.359999984503,0.439479947090149,1.28954076396263e-18
0200080232_00A.png,0.002879357,33721.84000001848,2.53325986862183,4.33166900320592e-18
0502211301_001.png,7.2526684,28250.0,0.36993134021759,0.0
0145800101_002.png,0.03227532,36434.639999985695,0.285068929195404,6.90755782076188e-19
0851180501_001.png,0.191232,45149.360000014305,1.33696937561035,0.0
0111570101_001.png,15.185894,43089.239999994636,0.294077962636948,0.0
0745130201_007.png,0.0024693673,50762.95999997854,0.745191395282745,0.0238662119954824
0505530101_001.png,0.12536499,35783.40000003576,0.710306882858276,0.0
0402840101_00D.png,0.0047575254,34996.68000009656,0.756977677345276,5.62934019399108e-08
0503560701_013.png,0.018669931,54198.68000000715,0.415164142847061,3.94673452319694e-06
0402561301_002.png,0.038327068,50489.12000000477,0.298876643180847,1.57043643866928e-07
0795710101_001.png,0.08122438,46000.0,0.310811221599579,2.21704640310717e-16
0724030101_001.png,0.17403625,49317.24000006914,0.185822978615761,8.37810810311312e-12
0112210101_001.png,17.229116,37150.0,0.0609293319284916,0.0
0111840101_001.png,47.35715,28510.20000000298,0.0265228357166052,7.46526294134151e-16
0144570101_002.png,0.15618415,62029.89999997616,0.948099493980408,0.0
0860370201_001.png,0.12929623,29067.380000174046,0.371207922697067,5.319968946321e-33
0693190101_001.png,0.55781436,68695.10000002384,0.311042040586472,0.0
0694640201_060.png,0.0018587682,44937.44000005722,1.10469400882721,2.14438301782138e-07
0692810401_037.png,0.0021318584,43585.62000000477,1.19497227668762,3.23999849172196e-09
0784040201_005.png,0.0043878993,35130.639999985695,0.988170087337494,5.01101879181561e-17
0653840301_001.png,0.23764412,25000.0,0.32773369550705,2.80259692864963e-45
0780312701_001.png,14.780218,29442.879999876022,0.116336822509766,0.0
0802790101_002.png,0.032437414,48668.639999985695,0.507034659385681,4.20946406258591e-14
0200080731_00B.png,0.005037964,29000.0,1.11121022701263,5.98978416914637e-15
0083000301_001.png,0.23535185,29951.640000000596,0.239638268947601,3.74685779020249e-19
0305920201_001.png,0.6607381,39600.539999991655,0.244358524680138,0.0
0651630501_001.png,0.013388872,25400.740000009537,1.1774662733078,1.83233898897836e-20
0080940301_001.png,70.54864,58169.960000008345,0.0358164831995964,0.0
0763670201_007.png,0.016647227,53088.800000071526,0.383456707000732,0.00327251269482076
0853980901_001.png,1.257194,32569.519999980927,0.286817401647568,0.0
0010620101_001.png,0.8255501,26454.10000000894,2.04260492324829,0.0
0402050101_008.png,0.019177925,54126.60000002384,1.12735223770142,0.0
0655490301_001.png,0.6427399,24434.460000038147,0.40247043967247,0.0
0658801801_001.png,178.08946,30180.11999988556,0.0564168281853199,0.0
0672060101_05B.png,0.0018303534,40015.319999963045,1.16608464717865,1.51625528133081e-07
0025740201_002.png,0.029462108,36284.38000001013,0.281899660825729,6.02483214606764e-06
0741390301_001.png,2.9889812,40640.51999998093,0.183930933475494,0.0
0205390301_01F.png,0.0034043305,49024.82000000775,1.05014324188232,3.81936740872312e-19
0109490501_045.png,0.0050443816,28370.560000002384,0.525938749313354,0.000883231579791754
0743350501_005.png,0.0064743645,33122.82000005245,1.34890818595886,0.0
0500070301_009.png,0.019332582,23000.0,0.388036549091339,1.53724545270961e-06
0827251901_005.png,0.011442727,36750.0,0.517463564872742,8.76606065958185e-07
0827221601_001.png,0.10179855,29742.72000002861,0.220530584454536,6.89093951677933e-07
0690200501_004.png,0.1622333,41723.10000008345,0.355981320142746,1.35043133006983e-41
0503560601_009.png,0.013764328,53868.04000002146,0.457312971353531,2.906843690198e-07
0201130501_001.png,26.638119,46968.439999997616,0.0235721096396446,5.57978019344318e-08
0884990401_005.png,0.018764988,71323.37999999523,0.355620563030243,1.6508707290086e-07
0780861001_001.png,5.2105083,55263.27999985218,0.0844760686159134,1.25068560904918e-18
0741680101_002.png,0.010857063,20809.080000042915,0.946332216262817,2.77787838333844e-23
0770190801_001.png,0.65944004,50719.5,0.130889013409615,4.81895190418413e-09
0821120101_00C.png,0.003831553,59162.72000002861,2.96127581596375,3.30709917761851e-05
0651300401_006.png,0.0039872155,27543.280000001192,0.945747971534729,1.25393473382474e-09
0411780201_001.png,89.8538,67301.19999998808,0.105939328670502,0.0
0021140201_006.png,0.016381085,40564.340000003576,1.98674631118774,0.0
0793183001_055.png,0.0014153501,39989.89999997616,1.67085921764374,2.60989452272042e-07
0740020101_019.png,0.0033916822,46843.84000003338,0.711686015129089,1.75407279812134e-07
0201160201_026.png,0.0024671792,37608.37999996543,1.73437428474426,7.46095367153788e-23
0550960101_004.png,0.0143707115,40614.619999974966,1.24484860897064,0.0
0721110201_001.png,24.530169,49658.39999997616,0.037111908197403,3.98376014628857e-18
0201160201_006.png,0.008180246,37608.37999996543,0.394466817378998,0.0222522113472223
0761920501_016.png,0.011498853,82760.44000005722,0.382207691669464,0.230658411979675
0601960201_001.png,0.1591413,32525.1400000453,0.418391853570938,0.0
0117710601_001.png,12.105292,16000.0,0.0820418670773506,0.0
0672060101_03B.png,0.0036973392,40015.319999963045,0.805618226528168,8.43501197778096e-07
0109060101_00C.png,0.008029569,46948.51999998838,0.534814476966858,1.15368308684083e-07
0502271401_001.png,4.848504,71522.32000005245,0.156466752290726,0.0
0723310201_001.png,0.09715891,47676.10000002384,0.644436419010162,0.0
0502460201_001.png,0.054556772,54854.90000003576,0.308896064758301,2.11467060767627e-13
0140210101_009.png,0.011871184,35129.08000001311,--,--
0690750801_00E.png,0.0088958,28881.12000000477,0.648277163505554,1.97615463548573e-06
0089940301_01F.png,0.014864893,46124.660000003874,0.364672631025314,1.82060591669142e-06
0503560201_003.png,0.033623427,59962.660000026226,0.239839062094688,3.59692312486004e-05
0011420201_004.png,0.077387035,38785.12000000477,0.929747641086578,0.0
0744220801_001.png,0.6980221,36035.280000030994,0.262912392616272,0.0
0606330101_004.png,0.006866739,46496.52000004053,--,0.840313494205475
0658802301_001.png,165.9923,27831.67999982834,0.0383161157369614,0.0
0801880301_001.png,11.127383,27250.0,0.236528187990189,0.0
0693970101_004.png,0.03180507,30181.059999972582,0.915136635303497,0.0
0212481201_005.png,0.0068569956,24500.0,2.12490892410278,0.0
0206630101_00E.png,0.003547702,46792.31999999285,0.909034609794617,4.2463780118851e-05
0503560101_00C.png,0.0033871776,56376.780000030994,0.576179385185242,0.12762039899826
0844430201_011.png,0.004583736,39552.440000116825,1.73306286334991,3.31011336952908e-28
0821270801_00D.png,0.0044204416,25214.799999952316,1.14184045791626,6.73733692533457e-13
0112830401_001.png,10.458434,21567.939999990165,0.0588242337107658,2.21024073312911e-21
0153950601_009.png,0.2984007,36732.39999997616,0.101472780108452,5.60421153927848e-10
0845060201_001.png,0.5542048,25000.0,0.355035722255707,0.0
0802450501_004.png,0.028046513,41335.08000010252,0.667647123336792,6.89963154281222e-38
0158960901_001.png,34.91853,28235.04000003636,0.0723133832216263,0.0
0670130701_001.png,30.39304,55150.84000003338,0.193015456199646,0.0
0164560201_016.png,0.00444057,36914.95999997854,--,--
0112560301_03E.png,0.0057804375,34380.639999993145,1.22826278209686,1.47658037606183e-23
0674180101_004.png,0.041613385,55363.539999991655,0.346049129962921,1.82274985036091e-13
0502860101_00B.png,0.008977436,57391.42000004649,0.61470240354538,7.78804951572735e-15
0729161101_001.png,1.7070227,53125.079999923706,0.434525966644287,0.0
0690744601_001.png,0.18492034,34437.62000000477,0.492563396692276,0.0
0728560201_003.png,0.019809304,33028.25999996066,0.727501273155212,2.74616243559588e-39
0862470401_03B.png,0.002212608,46285.14000016451,2.51109719276428,0.0
0205390101_001.png,2.3535757,70741.16000002623,0.1212248057127,1.55216276405741e-29
0601210401_002.png,0.019841138,35750.0,1.23955488204956,0.0
0503560101_001.png,0.034950897,56462.8599999845,0.351122736930847,1.11194551830063e-11
0692330401_00D.png,0.007556411,45394.98000001907,1.20594036579132,0.0
0822050101_002.png,0.02559102,69121.12000018358,0.376143485307693,1.27657187931618e-06
0840841301_009.png,0.0058380463,24250.0,1.91018486022949,0.0
0861460101_00F.png,0.0072214636,44668.30000013113,0.584251165390015,3.95115785067901e-06
0414190801_001.png,47.39314,43400.360000014305,0.0195905044674873,8.56756105349632e-06
0145800101_003.png,0.019909022,33221.8599999845,0.383935123682022,1.52241753426097e-07
0821290401_003.png,0.016138151,38539.70000010729,0.484103053808212,3.01489785670128e-06
0651850501_001.png,0.46529606,20528.559999972582,0.1501345038414,6.38599075841739e-08
0673270201_001.png,0.78058326,28680.6400000453,0.122482612729073,7.75924320350896e-08
0843270201_001.png,73.19015,51621.83999991417,0.0629711970686913,0.0
0863230301_001.png,2.3137991,46150.7199999094,0.155152693390846,2.2701035122062e-43
0112560101_087.png,0.0044003017,33064.260000005364,0.734848082065582,2.23806455323938e-06
0723130301_00E.png,0.007508111,35370.34000003338,1.22613346576691,1.12867584809042e-40
0402561201_00D.png,0.0048313984,53076.10000002384,0.726643979549408,1.28803218091278e-10
0135722701_003.png,0.39346755,29863.759999990463,0.196039542555809,8.8473237203334e-16
0700381801_001.png,0.98641515,29776.57999995351,0.256976455450058,0.0
0801650301_002.png,0.091084905,74475.89999997616,0.846545398235321,0.0
0690200501_00E.png,0.056004506,41745.000000059605,0.271216779947281,2.15701035699567e-07
0744440301_001.png,8.3264,120384.31999999285,0.19870699942112,0.0
0804090501_014.png,0.0036327995,40038.780000150204,1.78490662574768,3.34000890270284e-40
0152920101_029.png,0.0016442701,50228.89999997616,3.27947568893433,0.110163137316704
0306290101_001.png,7.9943724,35868.91999998689,0.313163846731186,0.0
0827060701_006.png,0.013405713,48279.80000013113,0.739770710468292,1.9714594401421e-09
0722300101_002.png,0.026300153,33810.239999979734,1.12824928760529,0.0
0411780401_001.png,74.55676,64335.19999998808,0.0914379954338074,0.0
0652401001_001.png,0.048388757,35003.10000008345,0.46456715464592,3.66660516890635e-28
0556280201_00E.png,0.08241249,52722.40000003576,0.331833899021149,6.86402700011968e-07
0109490401_031.png,0.008051501,28971.40000000596,0.926802456378937,1.94984650647712e-08
0109490301_00C.png,0.025451778,31669.859999991953,0.597719252109528,1.20357833349372e-27
0412980501_003.png,0.31144676,29281.19999998808,0.201235890388489,1.4121619151819e-10
0503560501_00A.png,0.013874427,50781.52000004053,0.504980146884918,4.52971079312192e-07
0110070401_001.png,3.2689054,21350.519999980927,0.189621970057487,0.0
0852590201_001.png,18.821304,46401.67999994755,0.0817404538393021,0.0
0606380101_009.png,0.0074516246,30000.0,0.783961653709412,6.54260929877637e-08
0005010301_001.png,3.7973878,26003.919999986887,0.107463285326958,3.7562056919649e-23
0790590101_001.png,0.91896546,54941.75999999046,0.552810490131378,0.0
0783940101_001.png,0.9714865,35280.800000071526,0.188680171966553,5.2089621430074e-38
0843270101_001.png,51.909996,49954.7199999094,0.436485707759857,0.0
0109490101_010.png,0.02848167,30535.760000005364,0.386202782392502,4.19304619237587e-14
0692950101_010.png,0.00388505,58051.22000005841,0.369111686944962,0.0348368249833584
0204310101_00A.png,0.011248163,30902.0000000149,0.938383936882019,1.09141651091595e-17
0109490501_08F.png,0.0034010916,28367.640000000596,1.10926342010498,5.62616342403288e-11
0793183001_024.png,0.004663657,39989.89999997616,1.88596713542938,0.0
0601210401_001.png,0.046931315,35750.0,0.351534307003021,4.44922393808629e-15
0652070101_001.png,0.5702029,49926.200000077486,0.225527688860893,0.0
0762870401_002.png,0.087663144,32585.56000006199,0.442786663770676,7.54564919252507e-37
0690680501_003.png,0.025077602,48770.55999997258,0.280235290527344,3.67633856512839e-06
0861460101_019.png,0.002977004,43922.24000018835,2.67230987548828,6.49239259733167e-31
0795580201_001.png,10.411855,27880.599999904633,0.0643669813871384,2.37766746093706e-21
0862470401_02C.png,0.002637681,46285.14000016451,0.715598225593567,0.131475836038589
0671860201_001.png,5.3665633,28043.680000007153,0.278798848390579,0.0
0553510201_003.png,0.027286308,24987.360000014305,0.400170892477036,2.65883919325915e-08
0870210101_001.png,137.73434,31050.27999997139,0.0156900696456432,5.02584310916348e-18
0112560201_018.png,0.014416379,36066.71999999136,0.536220252513885,9.34146537900915e-10
0117890901_005.png,0.23430312,48479.62000000477,0.196751818060875,4.42675410217142e-11
0412982401_003.png,0.25524032,37424.919999957085,0.201844975352287,9.29841134644782e-11
0830550901_001.png,4.1190186,53934.7199999094,0.143837958574295,0.0
0795680101_001.png,0.18558893,44469.02000015974,0.246848791837692,3.21694575275075e-14
0690744001_001.png,0.08894896,25000.0,0.239244878292084,2.42513635839714e-07
0601960201_00B.png,0.008565279,32525.1400000453,1.30448532104492,4.67753427391624e-42
0783520101_001.png,0.8388457,25000.0,0.214457884430885,0.0
0099280201_001.png,110.15531,36650.960000008345,0.0798528641462326,0.0
0200080733_00B.png,0.0070146783,33525.75999999046,1.5152291059494,0.0
0606322301_001.png,13.162268,42150.360000014305,0.377099007368088,0.0
0740920401_001.png,7.596195,24368.07999998331,0.0510985963046551,7.20675643606228e-06
0087940201_003.png,0.012591665,35259.34000001103,1.28739655017853,0.0
0606380101_00A.png,0.003945819,30000.0,1.2991863489151,1.38678804588228e-18
0761690401_001.png,0.079554416,39840.31999993324,0.32240355014801,4.38080509368444e-11
0305541101_002.png,0.12724951,106966.11999997497,0.514110028743744,0.0
0401610101_001.png,0.029367829,48319.44000005722,0.361726105213165,9.42253830515938e-10
0604820101_001.png,0.1171845,43788.84000003338,0.328854858875275,3.26235271432071e-28
0823050101_005.png,0.020568043,69750.0,0.552088439464569,8.08587883606958e-14
0111790101_001.png,9.222837,43098.79999999702,0.181436255574226,0.0
0761690301_046.png,0.025382543,38214.84000003338,0.780168652534485,0.0
0827232201_005.png,0.009756651,28860.5,1.32910001277924,2.85501280144123e-27
0011420201_003.png,0.29012528,38785.12000000477,0.689934968948364,0.0
0870880101_001.png,14.272133,29507.039999961853,0.108954235911369,0.0
0153950601_00B.png,0.402507,36732.39999997616,0.0872578173875809,3.41709892381914e-07
0821871801_001.png,1.4378775,21750.0,0.154670521616936,4.50472004726636e-30
0672060101_038.png,0.0031499949,40016.780000030994,0.986880540847778,8.97809331945609e-06
0402910101_002.png,0.072471246,45217.94000005722,0.210539489984512,1.73923206148174e-06
0690200301_008.png,0.015189931,29917.660000026226,0.830084025859833,6.55453657259987e-38
0844910301_005.png,0.023700623,45488.580000042915,0.357625216245651,1.73169610206969e-06
0503750501_001.png,18.542028,18750.0,0.039041806012392,1.59916340152638e-12
0795712301_001.png,0.03822957,61811.24000000954,2.13079190254211,0.0
0601390301_001.png,38.586063,63371.16000005603,0.0284087117761374,5.93561585396269e-24
0124930501_001.png,65.5108,31594.160000026226,0.198116704821587,0.0
0153950601_011.png,0.30830666,36732.39999997616,0.104520194232464,1.6297114768804e-09
0201160501_007.png,0.0029613704,39970.539999991655,1.56491804122925,2.56804921330049e-17
0605130101_0E1.png,0.00445698,54703.91999998689,0.39461475610733,0.0599378645420074
0135720801_003.png,0.1604324,31176.560000002384,0.239385724067688,1.15999501670849e-10
0148440101_001.png,0.10115016,27473.060000017285,0.460291922092438,0.0
0675010601_003.png,0.023852974,60600.320000082254,0.436236143112183,1.29467492282487e-09
0086360401_002.png,0.60413635,40957.55999999493,0.619355797767639,0.0
0204090101_003.png,0.0418798,31806.37999996543,0.260613292455673,0.224780648946762
0840841101_002.png,0.032271072,34251.94000005722,0.240106210112572,0.00983586255460978
0794580101_001.png,0.1365919,57221.84000009298,0.220605000853539,3.6406390790944e-08
0744412201_001.png,0.56737596,31546.780000030994,0.592869222164154,0.0
0672890201_001.png,1.2957501,30339.560000002384,0.126007243990898,5.92061344395489e-10
0153950601_001.png,63.45668,36732.39999997616,0.0686022564768791,0.0
0724840101_001.png,0.3020406,38020.9999999702,0.248963877558708,4.53871960505917e-33
0158160401_004.png,0.011052958,41014.92000000179,1.17315900325775,0.0
0763790401_001.png,14.780437,26204.5,0.139988675713539,0.0
0104860501_001.png,2.0484133,40436.739999979734,0.411076754331589,0.0
0723100401_001.png,10.8688755,65275.60000002384,0.20772123336792,0.0
0882060501_004.png,0.008777362,45556.76000016928,0.423478782176971,3.57535645889584e-05
0870790201_001.png,0.6097802,28545.37999999523,0.135446682572365,8.74022809682629e-09
0802290201_002.png,0.08461848,37589.46000003815,0.255970925092697,1.02353003850197e-09
0402840101_001.png,0.026064433,34996.68000009656,1.51558136940002,0.0
0502460101_001.png,0.06207975,39824.52000004053,0.286538809537888,1.6348389655918e-12
0830191301_001.png,0.13976312,24750.0,0.202973231673241,3.09587193214611e-07
0674180101_033.png,0.0018693733,55462.82000005245,--,--
0112570401_04E.png,0.0066821612,30909.12000001967,0.908568978309631,1.78930221750306e-08
0302780101_00D.png,0.0078555215,103436.15999998152,0.467912167310715,9.83396148512838e-06
0112870501_005.png,0.0077582644,44066.71999999881,0.68358051776886,1.16580996158827e-12
0770580901_001.png,15.732043,30555.759999990463,0.045862540602684,7.21907969736474e-15
0827350201_001.png,0.62250924,25774.44000005722,0.12205433100462,3.18879642691172e-07
0675010701_001.png,0.23925109,47500.0,0.306781411170959,0.0
0741800201_003.png,0.02281581,34614.060000002384,0.571716248989105,1.40512412883472e-26
0802711001_001.png,0.123026125,22000.0,0.207394793629646,2.56666066889011e-06
0744010101_001.png,0.40294376,51809.15999996662,0.379528135061264,0.0
0096010101_001.png,5.028896,44518.28000000119,0.183621987700462,0.0
0673900101_001.png,6.5453453,38592.07999998331,0.0816232785582542,1.34259146053885e-32
0405550401_002.png,0.107209325,24000.0,0.248476251959801,2.27379572947939e-08
0109490401_00E.png,0.0335973,28971.40000000596,0.711915791034698,4.47619755670782e-17
